,country,no_profiles,avg_profile_len,std_profile_len,female_ratio,avg_monthly_duration,total_monthly_duration,std_monthly_duration,avg_high_agreement,avg_low_agreement,avg_views,total_views,std_views,avg_questions,std_questions,total_questions,avg_answers,std_answers,total_answers,avg_comments,std_comments,total_comments,lon,lat
0,Afghanistan,1695,11.750413223140496,31.47298095919898,0.13212025316455697,1.338477876106195,2268.7200000000007,1.9123745836940855,11.532153392330384,0.5321533923303835,11.776401179941002,19961,54.83609933131982,6.039665970772442,12.900832442616215,2893.0,12.782312925170068,26.802403490309874,3758.0,24.606299212598426,67.02389489227919,9375.0,66.2385139,33.7680065
1,Albania,1338,15.770491803278688,40.32064234789615,0.24342105263157895,1.804656203288496,2414.630000000008,2.261244699940581,11.335575485799701,1.45440956651719,20.43946188340807,27348,134.2473397861215,4.786842105263158,6.4496700147791834,1819.0,13.290322580645162,36.926493544093084,4120.0,24.562841530054644,63.99687609338292,8990.0,19.9999619,41.000028
2,Algeria,8999,12.88040426726558,27.41695864623775,0.18508535489667566,1.2100077786420895,10888.860000000164,1.8049471019499352,10.217913101455718,0.9853317035226137,10.758084231581288,96812,142.69769585236793,4.240872210953347,9.184245927793999,8363.0,13.535018050541517,74.70727340192984,18746.0,24.412938331318017,160.34046686174398,40379.0,2.9999825,28.0000272
3,American Samoa,50,9.533333333333333,14.574276098987688,0.1794871794871795,1.208,60.4,2.095799491889452,0.6,0.0,3.22,161,8.212210918094183,3.1666666666666665,2.757908737804898,38.0,1.75,0.9574271077563381,7.0,6.222222222222222,7.838650677536564,56.0,-170.692511,-14.289304
4,Andorra,103,23.448979591836736,49.68780082696766,0.18292682926829268,2.54640776699029,262.27999999999986,2.9334390091377793,31.41747572815534,1.058252427184466,77.29126213592232,7961,425.22694358466066,7.833333333333333,10.672318116685796,329.0,84.0,368.67050717021414,3024.0,125.6590909090909,657.0543831933342,5529.0,1.5732033,42.5407167
5,Angola,534,18.621951219512194,41.654771707276666,0.11299435028248588,1.2947752808988753,691.4099999999994,1.8975012318879632,5.380149812734082,0.13670411985018727,4.179775280898877,2232,22.70120549456029,4.125,6.333287165113349,396.0,5.546511627906977,12.580710703523293,477.0,12.175824175824175,26.512300460391515,1108.0,17.5691241,-11.8775768
6,Anguilla,8,4.0,4.242640687119285,0.0,0.7425,5.94,1.0483558556139227,0.0,0.0,2.375,19,4.596194077712559,1.0,0.0,2.0,1.0,,1.0,1.5,0.7071067811865476,3.0,-63.0750234,18.1954947
7,Antigua and Barbuda,30,28.25,36.57380014631863,0.17391304347826086,1.4856666666666665,44.56999999999999,2.373204850906853,0.3333333333333333,0.0,2.4,72,4.643126176366002,2.5454545454545454,2.5441555126853532,28.0,2.0,0.816496580927726,8.0,3.5,3.295017884191656,28.0,-61.9554608,17.2234721
8,Argentina,22907,14.60014766374855,31.613493820509202,0.1330040871934605,2.4494704675427195,56110.020000001074,2.9508191792365683,23.445235080979614,1.5726633780067227,19.59112934910726,448774,166.1929982184437,5.68039914468995,15.695752209519684,39848.0,14.450704225352112,59.42203690066879,87210.0,27.781838143036385,142.80855224396348,177137.0,-64.9672817,-34.9964963
9,Armenia,2456,14.852135815991238,31.303919068572068,0.14852941176470588,2.4044747557003294,5905.390000000009,2.660852819695099,30.811889250814332,2.34242671009772,34.498778501628664,84729,284.21163623901776,6.834498834498834,15.365424324904351,5864.0,18.8125,64.20926803850676,13846.0,34.003690036900366,138.2690895296985,27645.0,44.6736646,40.7696272
10,Aruba,53,3.8,6.304193615590907,0.16666666666666666,2.11622641509434,112.16000000000003,3.1725064262619616,23.67924528301887,0.09433962264150944,24.49056603773585,1298,89.86777094956051,9.117647058823529,15.78322825399313,155.0,10.1,10.093452222989802,101.0,25.5625,40.30048593586269,409.0,-69.9609842,12.4902998
11,Australia,61464,19.363515794550278,39.603569065533634,0.15401820144994602,2.8807664649225284,177063.42999999828,3.42414410412396,49.65819016009371,7.652935051412209,60.077362358453726,3692595,694.8855117550652,8.676705154148316,26.281074127533046,218679.0,30.609613019207114,195.90037379248096,647026.0,61.91961898395722,604.4348955027993,1482108.0,134.755,-24.7761086
12,Austria,15958,11.84705174488568,32.355221287115015,0.14806833923349239,3.073293019175327,49043.60999999987,3.287331846751648,58.6699461085349,8.569933575636044,66.67589923549318,1064014,1061.460141678164,8.257604823239244,24.050167129967065,60264.0,31.24619330020837,219.3812715999383,194945.0,63.03972741771785,505.16585958998206,434785.0,14.12456,47.59397
13,Azerbaijan,3255,9.93141153081511,23.77661938227088,0.13754805638615977,1.6957265745007835,5519.59000000005,2.2017673836613953,17.82457757296467,0.9674347158218126,13.211981566820276,43005,87.72759798538242,5.48326359832636,16.255187886090965,5242.0,11.667617689015692,35.6496755128799,8179.0,22.0711743772242,95.2602618803471,18606.0,47.7872508,40.3936294
14,Bahamas,164,26.17241379310345,41.55028149503923,0.18333333333333332,1.5376829268292675,252.1799999999999,2.482102215471852,4.378048780487805,0.10975609756097561,8.353658536585366,1370,40.35756501596269,4.528301886792453,6.32942995848911,240.0,3.657142857142857,4.242244530370944,128.0,11.292682926829269,14.891682078326516,463.0,-78.0000547,24.7736546
15,Bahrain,983,15.676795580110497,29.619432168804636,0.1670792079207921,2.152787385554425,2116.1899999999996,2.679974572515859,29.513733468972532,1.318413021363174,19.418107833163784,19088,90.7147066451265,5.747282608695652,10.291328229988267,2115.0,12.968253968253968,29.491557711014455,3268.0,23.353312302839118,58.65778324212399,7403.0,50.5344606,26.1551249
16,Bangladesh,48294,24.128119001919387,43.75152638844768,0.11367823381957658,1.4155075164616344,68360.51999999817,2.151311704952622,10.294922764732679,0.7628276804571996,13.171201391477203,636090,144.630063360315,5.566933277204799,13.860799736425813,52897.0,17.199122690416058,85.18308614162655,129389.0,25.975472160902626,110.33091905957889,211804.0,90.00386523825051,23.5031022
17,Barbados,166,27.842105263157894,56.02001857553251,0.10084033613445378,1.8163855421686743,301.5199999999999,2.6228874111689366,14.72289156626506,0.20481927710843373,6.614457831325301,1098,28.341138885737028,3.7115384615384617,5.467682372624023,193.0,4.2,7.218440437722068,147.0,10.404761904761905,18.227638520650146,437.0,-59.5250305,13.1500331
18,Belarus,9201,8.620666517557593,24.445852369658645,0.13904083449942756,2.8907553526790406,26597.83999999985,2.992148494671161,42.284316922073685,2.938267579610912,31.09357678513205,286092,180.67289937486555,6.844372990353698,18.90722109399933,21286.0,17.839804241435562,72.66848241690664,54679.0,29.74792427764862,122.80888060041815,89571.0,27.6971358,53.4250605
19,Belgium,19897,12.2129724685021,26.10199905664894,0.13574527969977718,3.178287681560037,63238.39000000006,3.341318480155986,46.201186108458565,4.983414585113334,48.914157913253256,973245,475.9048511956176,8.260910916199936,22.77513340560694,78173.0,25.66459868165956,165.07833316287093,198567.0,53.45508166969147,417.985708681097,471260.0,4.6667145,50.6402809
20,Belize,158,13.018518518518519,20.59079363864982,0.1693548387096774,1.744430379746836,275.62000000000006,2.476171406163509,2.5632911392405062,0.0379746835443038,6.443037974683544,1018,24.13879549680898,4.071428571428571,5.219068495257382,171.0,5.3,10.322890533446397,159.0,13.157894736842104,23.802709720590098,500.0,-88.7600927,16.8259793
21,Benin,686,18.681528662420384,34.32070433959887,0.13588110403397027,1.19413994169096,819.1799999999986,1.671752715694378,4.714285714285714,0.22011661807580174,6.82798833819242,4684,68.44636349261634,3.9174311926605503,10.736859703986644,427.0,7.453703703703703,20.154257572629945,805.0,12.268817204301076,37.29411300581012,1141.0,2.2584408,9.5293472
22,Bermuda,82,19.92156862745098,31.51878369306462,0.11267605633802817,3.942560975609755,323.2899999999999,4.165849048958114,60.646341463414636,6.048780487804878,40.951219512195124,3358,103.98906666639887,6.0,7.114449002936532,240.0,27.57894736842105,65.75492236386746,1048.0,36.925,80.10486316425553,1477.0,-64.7603583,32.3018217
23,Bhutan,261,10.381578947368421,17.711741570881287,0.19428571428571428,1.200114942528736,313.23000000000013,1.8455279592235563,6.992337164750958,0.3716475095785441,4.89272030651341,1277,20.641909960133052,5.15,7.670822995202589,309.0,6.157894736842105,11.199725662155261,234.0,13.796296296296296,26.880854960031503,745.0,90.5119273,27.549511
24,"Bolivia, Plurinational State of",1830,14.62368815592204,25.52989608644912,0.12887663680220537,2.3802786885245997,4355.910000000017,2.7888993576403807,15.649726775956283,0.9704918032786886,14.849180327868853,27174,109.39694620569135,5.619565217391305,20.30853646635628,2585.0,15.154347826086957,56.368110882043474,6971.0,21.705882352941178,66.95810143210296,9225.0,-64.9912286,-17.0568696
25,"Bonaire, Sint Eustatius and Saba",8,11.25,14.150971698084906,0.25,1.5687499999999999,12.549999999999999,2.962703579503019,0.625,0.0,6.375,51,6.968039281503186,4.6,2.966479394838265,23.0,2.0,1.7320508075688772,6.0,8.75,3.304037933599835,35.0,,
26,Bosnia and Herzegovina,3506,15.414407436096049,37.11602687761182,0.1617862371888726,1.970915573302927,6910.0300000000625,2.5494245363933676,26.151454649172848,1.3120365088419852,21.119224187107815,74044,122.81453742623917,6.284978540772532,15.88774482656169,7322.0,16.321090047393366,41.81476387087097,13775.0,25.56853725850966,75.15568031483619,27793.0,17.5961467,44.3053476
27,Botswana,556,14.962962962962964,22.832749263208065,0.26448362720403024,1.1237769784172655,624.8199999999996,1.9707292601568644,3.7320143884892087,0.18705035971223022,4.343525179856115,2415,19.97103247659837,4.845360824742268,6.4989425521028155,470.0,6.036363636363636,9.778971460653867,332.0,13.5125,23.8773202862179,1081.0,24.5928742,-23.1681782
28,Bouvet Island,6,13.5,12.151817422372122,0.3333333333333333,1.22,7.319999999999999,1.1352708927828634,2.1666666666666665,0.0,11.666666666666666,70,14.787382008545888,3.0,2.8284271247461903,6.0,2.0,0.0,4.0,7.0,7.0710678118654755,14.0,3.3599732952297483,-54.4201305
29,Brazil,95968,15.738681895638557,31.844407485969374,0.11010513644687472,2.464511295431758,236514.21999999497,2.7909488816091796,25.88900466822274,1.1889588196065355,15.73244206402134,1509811,178.37977590201254,5.448839755589305,15.853200518219722,154273.0,10.60182096464032,64.64896336757364,270145.0,22.92576251678496,175.67354239814617,597560.0,-53.2,-10.3333333
30,British Indian Ocean Territory,4,,,0.3333333333333333,0.6849999999999999,2.7399999999999998,0.5034878350069641,0.0,0.0,0.25,1,0.5,,,0.0,1.0,,1.0,,,0.0,72.00648804312836,-5.349626649999999
31,Brunei Darussalam,207,11.12280701754386,16.458899216184577,0.17901234567901234,1.3067632850241555,270.50000000000017,2.342188972213405,9.444444444444445,0.4444444444444444,17.36231884057971,3594,126.8194540007308,6.031746031746032,15.478359767615885,380.0,16.696969696969695,44.14569971164012,551.0,18.0,46.86724294791045,954.0,114.5653908,4.4137155
32,Bulgaria,11235,11.423023851764242,27.136085774955585,0.13782590412111018,2.672776145972393,30028.639999999836,3.0147779086865643,44.42981753449043,3.680106809078772,71.70333778371162,805587,2771.2883439149446,7.954063604240282,26.681992333105693,31514.0,31.481758115484055,388.9162731939468,109588.0,50.48716619134042,396.1577561305696,194729.0,25.4856617,42.6073975
33,Burkina Faso,311,14.011627906976743,22.31195627041383,0.17073170731707318,1.4301607717041787,444.7799999999996,2.192718221722876,9.42443729903537,0.5273311897106109,8.016077170418006,2493,45.96699094806873,10.3,27.836264604264777,618.0,5.196428571428571,7.927901574604933,291.0,26.962962962962962,66.40980916490695,1456.0,-1.6880314,12.0753083
34,Burundi,129,8.1,11.096287045985092,0.18823529411764706,0.8948062015503878,115.43000000000002,1.399512806286974,10.736434108527131,0.10077519379844961,4.248062015503876,548,29.51139372337614,2.5555555555555554,3.4166068861341197,46.0,5.0,7.908568425793289,60.0,9.411764705882353,18.306620467502363,160.0,29.932395,-3.4264997
35,Cabo Verde,122,14.270833333333334,30.33202056624658,0.06741573033707865,1.802950819672131,219.96,2.332583318921334,8.065573770491802,0.03278688524590164,3.8360655737704916,468,9.825216886751027,3.217391304347826,3.7411291652160372,74.0,3.84,4.810405388322278,96.0,9.0,9.385906354489059,198.0,-24.0083947,16.0000552
36,Cambodia,3046,12.408463661453542,29.38762098501116,0.2495967741935484,1.587967826657928,4836.950000000049,2.2747701607745823,10.275114904793172,0.2468811556139199,10.104070912672357,30777,62.11685055599084,7.435114503816794,21.578566794455355,4870.0,7.828389830508475,20.356957817523707,3695.0,20.306010928961747,58.81761662840992,11148.0,104.869423,13.5066394
37,Cameroon,2372,19.640893470790378,32.00064399995788,0.16241849436870184,1.3102866779089462,3108.0000000000205,1.7816866798519806,8.251264755480607,0.19645868465430016,6.145446880269814,14577,36.81811404824122,4.67948717948718,10.647146080091078,2190.0,8.071593533487299,25.28617598282513,3495.0,15.79652605459057,42.39242502316269,6366.0,13.1535811,4.6125522
38,Canada,101895,17.935565682583714,37.56158758291226,0.1596625784940916,2.739922076647808,279184.3600000284,3.2716581923286547,42.78088228077923,4.283222925560626,46.395142058000886,4727433,460.96102376949256,8.267233306922135,24.34874244150726,344322.0,24.63656526300015,141.5060170207842,821999.0,52.802174757281556,499.4835908562166,2039484.0,-107.991707,61.0666922
39,Cayman Islands,93,19.06,25.795435444975887,0.07142857142857142,3.1995698924731175,297.55999999999995,3.6704092633959537,42.333333333333336,1.1935483870967742,36.12903225806452,3360,106.90133868751938,7.622222222222222,11.17279343455848,343.0,24.181818181818183,72.94452281762428,798.0,43.51428571428571,111.4058218535151,1523.0,-79.9174627243246,19.703182249999998
40,Central African Republic,6,33.0,,0.0,0.8883333333333335,5.330000000000001,1.1867841702123714,0.0,0.0,0.6666666666666666,4,1.0327955589886446,1.5,0.7071067811865476,3.0,1.0,,1.0,1.0,0.0,2.0,19.9981227,7.0323598
41,Chad,36,24.2,36.83235292812858,0.14285714285714285,0.7663888888888891,27.590000000000007,1.4764826016637895,0.8333333333333334,0.0,1.75,63,4.080441152620633,2.4,1.6465452046971292,24.0,3.25,2.6299556396765835,13.0,2.625,1.407885953173359,21.0,19.0156172,15.6134137
42,Chile,10355,12.82040717401842,25.67695781902964,0.12409216128224393,2.2650014485755494,23454.089999999815,2.7769993984809247,20.435248672139064,1.0077257363592467,15.655239014968615,162110,178.01382932478978,5.511073825503356,15.511472700941422,16423.0,12.216162420382165,60.50604869791559,30687.0,25.900533536585368,162.5122313227234,67963.0,-71.3187697,-31.7613365
43,China,85184,6.35154154529461,18.21993960587114,0.1792717086834734,1.9160725018782323,163218.71999999534,2.512813345657389,8.853939706987228,0.5051887678437266,12.57240796393689,1070968,729.829631426175,5.006375838926174,15.488877402222178,89514.0,9.40153874335959,57.17825889492859,153969.0,17.274052291759894,92.31694657730215,270218.0,104.999927,35.000074
44,Christmas Island,43,15.96551724137931,26.43115418081566,0.10526315789473684,2.058604651162791,88.52000000000001,2.679075516981957,22.88372093023256,7.8604651162790695,29.72093023255814,1278,82.79157007391838,2.8,2.6076809620810595,56.0,15.529411764705882,21.820625698690513,264.0,31.526315789473685,76.73139906413269,599.0,105.6173514897963,-10.49124145
45,Cocos (Keeling) Islands,17,7.75,7.88986691902975,0.15384615384615385,1.1617647058823528,19.749999999999996,2.1451725900673986,5.0,0.0,7.411764705882353,126,28.026904091268744,4.75,7.5,19.0,5.0,1.4142135623730951,10.0,12.333333333333334,17.897858344878397,37.0,96.8409375,-12.0728315
46,Colombia,17532,16.507262051915944,30.977391316631806,0.11749155529446322,2.0789647501711004,36448.409999999734,2.563725928081482,18.477640885238422,0.8459958932238193,12.898300250969655,226133,111.47130527896391,5.2301347817340575,16.313902218522443,25999.0,9.678974600188146,44.98870660015415,41155.0,20.39657224470364,117.73636743512652,85686.0,-72.9088133,4.099917
47,Comoros,15,51.0,90.35762281069594,0.1,0.8993333333333331,13.489999999999997,1.178082380497262,0.0,0.0,4.066666666666666,61,14.114160400446204,1.5,1.0,6.0,1.5,0.7071067811865476,3.0,1.6666666666666667,1.1547005383792517,5.0,44.2832964,-12.2045176
48,Congo,131,9.3,10.756148792300396,0.17894736842105263,1.0080152671755727,132.05,1.7155261224149854,8.816793893129772,1.8702290076335877,5.694656488549619,746,37.44737705301031,4.888888888888889,7.4179270032564375,132.0,13.625,41.78656083798553,218.0,22.59090909090909,67.09457368656439,497.0,15.6419155,-0.7264327
49,"Congo, The Democratic Republic of the",665,12.42051282051282,21.298264527904802,0.16923076923076924,1.2859398496240584,855.1499999999988,1.7938025999147231,10.529323308270676,0.5368421052631579,9.254135338345865,6154,62.764621144090185,6.813953488372093,26.849920694092734,879.0,13.796296296296296,45.70011130260262,1490.0,22.356521739130436,70.48207328436249,2571.0,23.573277,-6.1240547
50,Cook Islands,2,,,0.0,1.5899999999999999,3.1799999999999997,2.0364675298172568,0.0,0.0,1.0,2,0.0,,,0.0,,,0.0,,,0.0,-157.9753368892878,-19.919672900000002
51,Costa Rica,3447,15.379941434846266,29.654121030010366,0.11747211895910781,2.2446446185088615,7737.290000000046,2.7654486736699235,16.551784160139253,0.8230345227734261,16.16971279373368,55737,144.05631810254886,5.096311475409836,10.132706461108311,4974.0,12.035885167464114,58.18330442923782,10062.0,27.703037120359955,179.03496186386153,24628.0,-84.0739102,10.2735633
52,Croatia,6381,11.818518518518518,27.000100928428566,0.15957045968349662,2.7553565271900973,17581.93000000001,3.1052989728273688,41.095439586271745,7.330982604607429,41.77417332706472,266561,484.36425184091,7.258981444926964,18.739442611472608,18387.0,27.280943025540275,192.52498264843086,55544.0,53.52558724832215,444.32406072083285,127605.0,17.0118954,45.5643442
53,Cuba,1822,15.773955773955773,30.651603496044547,0.11946308724832215,2.1604720087815648,3936.380000000011,2.340384090340695,24.9615806805708,6.498353457738749,15.458836443468716,28166,139.80473244501252,5.2282229965156795,10.529531543857155,3001.0,14.277467411545624,70.47898037124995,7667.0,37.2,294.6332902244788,18414.0,-80.8328748,23.0131338
54,Curaçao,109,21.771929824561404,37.21703601072443,0.13978494623655913,2.858715596330275,311.59999999999997,3.2730535920625816,169.91743119266056,213.72477064220183,4181.220183486239,455753,43336.76009556668,15.54054054054054,35.954133276991946,575.0,489.6111111111111,2848.4911422192604,17626.0,1053.8529411764705,5877.960964393221,35831.0,-68.9309263,12.1176488
55,Cyprus,1793,16.956521739130434,38.63639341585289,0.11388888888888889,2.446954824316795,4387.390000000014,2.9700737813012696,30.7356385945343,2.7746793084216397,31.042944785276074,55660,181.28098517978103,8.155586987270155,20.9160904701235,5766.0,25.173489278752438,113.0932065082115,12914.0,41.81487341772152,206.27545068037358,26427.0,33.1451285,34.9823018
56,Czechia,15162,10.673977328733367,25.042488463953855,0.1207532667179093,3.4049881282152805,51626.43000000008,3.3011480220017804,59.94657696873763,5.983643318823375,52.7194301543332,799332,802.7852923471247,8.05143451761558,28.036540564905472,54162.0,25.55081746165515,140.09656621016765,151593.0,50.04341714821177,311.74315107391254,320428.0,15.4749544,49.8167003
57,Côte d'Ivoire,1263,16.44392523364486,34.49616071056359,0.13789359391965256,1.066539984164685,1347.0399999999972,1.610594672127331,2.745051464766429,0.01583531274742676,2.039588281868567,2576,12.402904054713034,2.3806818181818183,2.589533127454024,419.0,3.7365269461077846,6.458583149497133,624.0,6.802816901408451,21.806121671755395,966.0,-5.5679458,7.9897371
58,Denmark,16339,13.325729620932574,29.15006436481863,0.1246299168193994,3.3528343227859754,54781.96000000005,3.4657798342331954,44.92496480812779,10.745945284289125,62.52389987147316,1021578,1376.112248961459,7.945427728613569,20.802166953430337,64644.0,24.365881771776717,151.38039246582287,147974.0,47.54904051172708,333.9178498895938,356808.0,10.3333283,55.670249
59,Djibouti,57,3.727272727272727,4.29164092372391,0.14583333333333334,0.7752631578947368,44.19,1.3824539584985895,0.47368421052631576,0.0,2.087719298245614,119,5.979968650641628,4.857142857142857,3.8483144114694956,34.0,2.3333333333333335,2.3094010767585034,7.0,8.166666666666666,8.471520918150805,49.0,42.8453061,11.8145966
60,Dominica,35,6.818181818181818,9.785889656216055,0.25925925925925924,2.170285714285714,75.96,2.463887991288046,0.9714285714285714,0.0,5.428571428571429,190,10.866261098100894,2.8,1.873795909674026,28.0,2.3,1.9465068427541912,23.0,5.4,3.565264521898917,54.0,-70.3028026,19.0974031
61,Dominican Republic,2905,18.91,33.75598399364893,0.11059322033898306,2.493242685025828,7242.87000000003,2.8153879023327475,21.952839931153186,2.269535283993115,16.741135972461272,48633,132.08842118224095,5.382271468144045,11.604347377212962,3886.0,11.204516938519449,36.49908210691076,8930.0,21.412,58.26356591803016,16059.0,-70.3028026,19.0974031
62,Ecuador,3334,15.746305418719212,31.795032355336534,0.11815675462780623,1.9848470305938983,6617.480000000057,2.5088956808423544,11.886022795440912,0.3161367726454709,10.162267546490702,33881,67.29527791323959,4.884934756820877,14.550993088008875,4118.0,8.616993464052287,27.545316756975268,6592.0,16.85907859078591,60.41987129174512,12442.0,-79.3666965,-1.3397668
63,Egypt,33189,16.754541613857203,35.88847194253598,0.15694727178381832,1.6515713037452242,54814.00000000025,2.2339219823126806,12.292627075235771,0.4583747627225888,10.473590647503691,347608,105.4237347919562,5.148941500688964,15.779392076427968,41104.0,10.751181102362205,48.635573424885685,61443.0,19.907301307477596,103.22567173238724,135509.0,29.2675469,26.2540493
64,El Salvador,1337,15.542,29.351580307252046,0.11520302171860246,2.121286462228881,2836.160000000014,2.5980754028445743,19.55946148092745,0.39267015706806285,13.893044128646222,18575,91.473015986549,6.301204819277109,17.725660263489583,2092.0,10.046583850931677,26.528671449100457,3235.0,21.679054054054053,65.61408773222911,6417.0,-88.9140683,13.8000382
65,Equatorial Guinea,10,15.666666666666666,25.403411844343534,0.375,0.993,9.93,1.4021099180243404,2.1,0.0,1.0,10,1.6996731711975948,1.3333333333333333,0.5773502691896257,4.0,1.0,,1.0,1.0,0.0,2.0,10.5170357,1.613172
66,Eritrea,62,8.526315789473685,12.289871263463853,0.14285714285714285,1.1014516129032261,68.29000000000002,1.9093418716579307,3.661290322580645,0.016129032258064516,4.725806451612903,293,14.964624246775154,6.0,13.828621378531167,84.0,7.428571428571429,9.501879513323365,52.0,8.75,8.6972902183874,70.0,37.9999668,15.9500319
67,Estonia,3430,12.157511210762332,27.556058595364245,0.15198087431693988,3.2777959183673593,11242.840000000042,3.4293849637866995,65.6134110787172,4.900291545189504,48.00932944606414,164672,309.4420164334506,7.761740331491713,18.378475143308336,11239.0,20.234910277324634,51.500666497293174,24808.0,40.59787234042553,169.72083075720212,57243.0,25.3319078,58.7523778
68,Eswatini,138,9.122448979591837,13.072924712711295,0.1743119266055046,1.4865942028985513,205.15000000000006,2.2750812920029087,2.3840579710144927,0.07971014492753623,4.5,621,12.804680941538471,4.181818181818182,7.485212695101528,138.0,7.24,13.245376551838756,181.0,13.333333333333334,25.820385506268256,360.0,31.3991317,-26.5624806
69,Ethiopia,3305,11.482252141982864,24.444414551483497,0.16829995739241585,1.29245385779124,4271.560000000048,1.9304174264753904,8.661724659606657,0.4517397881996974,8.08229954614221,26712,57.604977375564495,5.055172413793104,11.31311575354569,2932.0,10.855787476280835,26.752102360375265,5721.0,21.947145877378436,60.73605159404943,10381.0,38.6521203,10.2116702
70,Falkland Islands (Malvinas),7,9.25,15.840349322747484,0.0,3.0942857142857143,21.66,4.275647542158018,41.857142857142854,0.2857142857142857,10.285714285714286,72,16.9382632493642,4.333333333333333,4.932882862316247,13.0,12.0,11.313708498984761,24.0,17.5,10.606601717798213,35.0,-59.5500387,-51.9666424
71,Faroe Islands,54,10.71875,18.717310213086257,0.13333333333333333,3.2364814814814813,174.76999999999998,3.7177017436001467,15.833333333333334,1.2407407407407407,25.64814814814815,1385,87.2978327352949,4.896551724137931,6.950564353172067,142.0,14.416666666666666,14.093572573296946,173.0,17.59090909090909,25.09346166199112,387.0,-7.0322972,62.0448724
72,Fiji,246,13.989010989010989,26.44848010986832,0.16230366492146597,1.6169105691056904,397.7599999999998,2.5103154139836215,18.089430894308943,0.6585365853658537,12.195121951219512,3000,46.09248175208948,6.037974683544304,10.204879473872973,477.0,12.326086956521738,24.41316070194388,567.0,18.956521739130434,37.43992630657052,1308.0,179.0122737,-18.1239696
73,Finland,10031,12.118196811434855,27.422286764795373,0.19435993447226774,3.143485195892711,31532.299999999785,3.3708838546988877,52.40803509121723,10.752068587379124,58.04725351410627,582272,496.61885054037924,6.886044176706827,16.216742665233504,27434.0,30.228879892037785,174.53119550557003,111998.0,62.51701371254444,461.6093171024427,246192.0,25.9209164,63.2467777
74,France,85233,11.654701596950837,26.660703754989868,0.16120260922244609,2.602589959287984,221826.54999999274,2.969865691655076,39.16532329027489,6.173841117876878,41.924899980054676,3573385,885.7122870855045,6.827597553952889,21.518592661655607,248982.0,23.311436564094127,217.01665816143273,708318.0,45.140226587429375,451.26182621162434,1541945.0,1.8883335,46.603354
75,French Guiana,27,8.8125,10.219058991250941,0.09090909090909091,3.0303703703703695,81.81999999999998,4.269321222829656,90.85185185185185,3.7037037037037037,202.22222222222223,5460,787.2202474204521,5.909090909090909,7.660999222745626,65.0,69.8,163.58266683511698,698.0,60.75,122.73483983405409,729.0,-52.999998,4.0039882
76,French Polynesia,61,14.533333333333333,28.40802865307663,0.19607843137254902,2.765081967213113,168.6699999999999,3.2069646204008446,63.90163934426229,5.836065573770492,51.950819672131146,3169,212.92858162848154,6.956521739130435,7.283095376340306,160.0,44.35,136.38385264817055,887.0,79.18181818181819,251.27382831591675,1742.0,-146.0490931059517,-16.03442485
77,French Southern Territories,2,69.5,96.87362902255701,0.0,1.99,3.98,2.7718585822512662,262.5,240.5,379.0,758,534.5727265770299,19.0,,19.0,678.0,,678.0,1059.0,,1059.0,69.62275903679347,-49.237441950000004
78,Gabon,143,9.857142857142858,12.9320568835006,0.15178571428571427,1.2581118881118887,179.91000000000008,1.6808829634119868,1.2657342657342658,0.006993006993006993,2.132867132867133,305,9.88400170017097,3.6956521739130435,8.232059184613066,85.0,2.6923076923076925,3.6374124361651967,35.0,8.277777777777779,17.132032452330705,149.0,11.6899699,-0.8999695
79,Gambia,160,15.15625,24.81429007518619,0.15315315315315314,1.2243749999999993,195.8999999999999,1.9303063554229327,1.3625,0.0,2.59375,415,9.638299437023933,4.666666666666667,6.598502094040546,140.0,3.238095238095238,2.9309514138716444,68.0,12.083333333333334,16.862401362503057,290.0,-15.4900464,13.470062
80,Georgia,2359,12.178528347406514,26.86829520463856,0.20354963948973934,2.1957651547265877,5179.81000000002,2.7094906702307955,41.58456973293769,2.3103009749894023,34.81136074607885,82120,323.96102280731174,9.71837708830549,35.74848313686086,8144.0,20.48148148148148,85.53685337644596,12719.0,37.186351706036746,148.20680909758482,28336.0,-83.1137366,32.3293809
81,Germany,127043,12.190188766849001,28.152856490571185,0.14597232752084913,3.01323465283454,382810.37000005844,3.2039187608817525,52.28379367615689,9.207292019237581,58.511818832993555,7433517,678.2033284835578,7.609059292560862,20.67550579323798,448516.0,28.29050301730187,163.56904083645802,1411102.0,59.67873537554702,450.4763473806552,3341114.0,10.4234469,51.0834196
82,Ghana,5617,18.053686471009307,31.795223343232575,0.1717695900363259,1.338816094000377,7520.130000000117,1.9924996392733603,6.129962613494748,0.41534627025102366,6.604949261171444,37100,65.27937766144156,4.870899470899471,13.098722675769,4603.0,7.606613454960091,24.10278791833071,6671.0,17.734146341463415,63.46090914013024,14542.0,-1.0800271,8.0300284
83,Gibraltar,112,22.546875,42.919241138685514,0.1523809523809524,3.1975892857142854,358.12999999999994,3.371086986334486,118.875,2.919642857142857,106.99107142857143,11983,608.0927278674923,16.604166666666668,57.265243100644284,797.0,55.04347826086956,182.76505337262782,2532.0,98.08163265306122,343.9194937732942,4806.0,-5.3541295,36.140807
84,Greece,14386,13.545167593566813,32.064782584504535,0.11814238326103597,2.537305713888502,36501.67999999999,2.9106198030282817,36.00326706520228,5.271096899763659,33.66606422911163,484320,335.58312124833594,6.904904728299224,20.16429668277279,39137.0,22.428639732249582,116.40334817570182,93819.0,45.82312666413085,616.532059807097,240938.0,21.9877132,38.9953683
85,Greenland,63,13.56,19.433819319252027,0.17391304347826086,2.4966666666666657,157.28999999999994,3.2082851413780378,19.07936507936508,1.3650793650793651,24.3015873015873,1531,105.67595553428885,7.266666666666667,9.479318080134657,218.0,18.05263157894737,48.041039960307245,343.0,46.73076923076923,126.20128610828264,1215.0,-42.8125967,77.6192349
86,Grenada,3,1.0,,0.0,1.7133333333333336,5.140000000000001,2.8117669415037465,68.0,1.0,7.666666666666667,23,13.279056191361391,2.0,,2.0,23.0,,23.0,18.0,,18.0,-61.6904045,12.1360374
87,Guadeloupe,72,15.636363636363637,30.34264550700279,0.17543859649122806,2.125694444444443,153.0499999999999,2.6870109192127787,7.916666666666667,0.2361111111111111,13.944444444444445,1004,38.376521904542464,5.777777777777778,6.750118707408232,156.0,9.15,14.302281746556902,183.0,13.695652173913043,18.943539994147912,315.0,-61.5650444,16.2490067
88,Guam,11,23.5,37.1887079635741,0.2,1.7799999999999998,19.58,2.6188470745730843,0.0,0.0,2.090909090909091,23,5.0883110253707065,1.5,0.7071067811865476,3.0,3.0,,3.0,1.0,,1.0,144.75755102972062,13.450125700000001
89,Guatemala,1896,14.890840652446675,30.236868555144042,0.09722222222222222,2.2842616033755374,4330.960000000019,2.717724638689254,17.270042194092827,0.7689873417721519,46.402426160337555,87979,1570.0327862312577,4.705882352941177,13.503683725961888,2400.0,13.509127789046653,104.09686320302468,6660.0,22.912087912087912,121.45975642431131,10425.0,-90.12265453178017,15.687100699999998
90,Guernsey,51,34.25925925925926,85.57434581093017,0.13636363636363635,1.9539215686274511,99.65,2.2958423974056865,103.54901960784314,134.50980392156862,78.31372549019608,3994,511.78262925566673,5.884615384615385,14.049418274297121,153.0,10.176470588235293,27.64560384156414,173.0,80.2,323.380108752598,1604.0,-2.5822348,49.4566233
91,Guinea,166,15.404761904761905,24.250782762131085,0.13559322033898305,1.2700602409638555,210.83,1.8515390803453227,1.5,0.42771084337349397,5.042168674698795,837,33.40882706976462,2.4347826086956523,2.252797996765189,56.0,15.434782608695652,44.02254183623795,355.0,23.041666666666668,82.13693717978144,553.0,-10.7083587,10.7226226
92,Guinea-Bissau,7,1.0,,0.0,0.5342857142857144,3.74,0.6345564630211442,0.7142857142857143,0.0,2.142857142857143,15,5.669467095138408,11.0,,11.0,1.0,,1.0,23.0,,23.0,-14.9000214,12.100035
93,Guyana,149,19.564102564102566,31.845676292324512,0.16216216216216217,1.1557718120805365,172.20999999999992,1.8597784600729799,13.395973154362416,8.577181208053691,35.1744966442953,5241,386.19949563181075,2.948717948717949,3.2923253496316645,115.0,43.473684210526315,177.18175489876447,826.0,64.54545454545455,333.5209036654497,2130.0,-58.6416891,4.8417097
94,Haiti,364,17.9010989010989,40.38428048003468,0.1744186046511628,1.3418406593406575,488.4299999999994,1.9299087652812006,21.032967032967033,1.967032967032967,12.035714285714286,4381,104.17079818646495,4.585714285714285,7.624318182189882,321.0,23.431372549019606,70.34721171502416,1195.0,67.67213114754098,265.48469643976813,4128.0,-72.3570972,19.1399952
95,Heard Island and McDonald Islands,6,1.0,0.0,0.0,0.8183333333333332,4.909999999999999,1.573625326012093,1.1666666666666667,0.0,1.1666666666666667,7,2.8577380332470415,5.0,,5.0,2.5,2.1213203435596424,5.0,5.0,,5.0,72.955751,-53.0166353
96,Holy See (Vatican City State),10,4.166666666666667,2.8577380332470415,0.125,2.084,20.84,1.9951396498045493,34.7,1.9,18.2,182,28.42064976972436,7.0,8.144527815247077,49.0,6.0,8.04155872120988,24.0,21.125,36.720712333582455,169.0,,
97,Honduras,980,19.79224376731302,41.822622077668974,0.10927573062261753,2.0737040816326493,2032.2299999999964,2.5388826441728676,11.441836734693878,0.3693877551020408,8.481632653061224,8312,46.229395038944176,5.003597122302159,10.61927210700389,1391.0,6.615720524017467,14.15239478310965,1515.0,13.470588235294118,29.7720803510418,3206.0,-86.0755145,15.2572432
98,Hong Kong,13607,33.93022907620902,33.73279843326358,0.15494636471990464,1.5166039538472487,20636.429999999513,2.47003816708762,16.29617108841038,1.5071654295583157,19.593665025354596,266611,335.5941559108958,6.567341040462428,19.88009234292773,22723.0,19.27768014059754,103.25474420338274,43876.0,36.54361054766734,234.79290544180205,108096.0,114.1628131,22.2793278
99,Hungary,11914,11.680658284023668,27.277961822579464,0.16681915218054286,2.7879880812489217,33216.089999999655,3.078663132156294,41.78051032398859,2.9105254322645626,32.41530971965754,386196,315.3272184315041,6.520876112251882,20.234949497300775,28581.0,20.65662490002666,93.08556025918122,77483.0,37.34245283018868,214.6791187537717,158332.0,19.5060937,47.1817585
100,Iceland,1307,10.290233837689133,26.250220008529624,0.16024518388791595,3.4740550879877654,4540.590000000009,3.5732997121853463,36.59219586840092,7.762815608263198,42.13771996939556,55074,381.03152009187687,7.769509981851179,26.44609363721863,4281.0,17.66160520607375,65.057820610862,8142.0,33.967619047619046,134.23198593744175,17833.0,-18.1059013,64.9841821
101,India,665163,15.33493768274261,34.28608255079922,0.16168285244005845,1.9798498713876478,1316922.880001822,2.4798748798604295,15.125969123357734,1.5329701140923353,23.255450167853592,15468665,287.5298606232458,6.346793625248664,16.456788093486505,1419746.0,15.432923287798532,93.7282263012688,2657179.0,29.618308192071247,178.10494042039323,5680288.0,78.6677428,22.3511148
102,Indonesia,56610,24.289505177168426,56.66680893194728,0.20528711145540815,1.221535064476207,69151.09999999808,2.018542649310574,6.451669316375199,0.46587175410704823,7.445610316198551,421496,78.45702470780158,4.971031082151977,13.653603045373893,56456.0,8.483725517824434,49.76146648874686,60209.0,17.244594594594595,78.48885666471543,165893.0,117.8902853,-2.4833826
103,"Iran, Islamic Republic of",40144,13.567071643286573,31.88327941686311,0.1657909158312111,2.1183237843762353,85037.98999999958,2.5540741207802937,29.11839876444799,1.1493622957353526,21.222748106815466,851966,155.8328883808678,6.46227752401953,15.269773366071192,82058.0,11.983049242424242,37.58658780851078,126541.0,23.433027189233428,82.65734465029993,257693.0,59.5999861,36.2665119
104,Iraq,4408,12.02954755309326,37.17079844950415,0.14725069897483692,1.2354945553539214,5446.060000000085,1.8304499628385045,9.573729582577133,0.36048094373865697,6.540834845735027,28832,53.88505328465252,4.163759689922481,6.982403031720826,4297.0,9.492730210016155,38.37619773039834,5876.0,16.159713945172825,72.76596838857208,13558.0,44.1749775,33.0955793
105,Ireland,15776,16.336738507537063,33.685901274222026,0.15737316964946013,2.8587094320486877,45099.000000000095,3.2774089948359793,42.454361054766736,6.872210953346856,55.08005831643002,868943,691.116319051088,8.267619728377413,31.03580960470244,57832.0,25.372633552014996,138.54620608100782,135363.0,49.50289987789988,391.2435653042562,324343.0,-7.9794599,52.865196
106,Isle of Man,132,15.47887323943662,36.51647735902621,0.12264150943396226,2.590681818181819,341.97000000000014,2.9618990692562077,39.166666666666664,0.5909090909090909,17.098484848484848,2257,54.22906742155892,7.0,10.297364433956597,399.0,7.5,10.765686229869418,345.0,21.37735849056604,33.426858394396156,1133.0,-4.5591148,54.1936805
107,Israel,25673,12.454022387279004,28.615473389566326,0.15791946624066155,2.8284742725820906,72615.42000000001,3.1528878009784056,54.49448837299887,7.581700619327698,62.46628753943832,1603697,713.2036504854307,9.926737160120846,31.985339488883387,118287.0,33.42095350206004,198.1867588081502,283911.0,59.812097935669705,379.4328762682619,622943.0,34.8667654,31.5313113
108,Italy,46642,13.438477901205388,29.291916774804633,0.13115652650536372,2.6331516658804817,122815.45999999742,2.99560976944706,33.144655031945454,3.6201277818275375,31.03147377899747,1447370,255.57796639397557,7.189790957705396,23.29893233082553,147894.0,20.3221157209823,125.16895522017833,290464.0,36.13188129594337,244.44456201808282,663562.0,12.674297,42.6384261
109,Jamaica,1041,16.36216216216216,27.802023198993503,0.17572692793931732,1.849423631123915,1925.2499999999955,2.5603148195430587,16.254562920268974,0.9020172910662824,18.70605187319885,19473,175.73580490839424,10.466898954703833,63.00986257411325,3004.0,11.597402597402597,45.55262405659589,2679.0,38.08988764044944,199.8125986933855,10170.0,-77.3947693,18.1850507
110,Japan,21116,9.886476755268452,25.69735360953601,0.18554923262631487,2.289289164614501,48340.6299999998,2.8237087932046454,25.197338511081643,4.880896003030877,26.253362379238492,554366,267.5297894284844,6.675292397660819,22.8342848725436,45659.0,18.9118320610687,106.84625412569834,99098.0,39.56841078973026,320.3384555449685,243504.0,139.2394179,36.5748441
111,Jersey,92,17.23076923076923,43.2638548167317,0.16666666666666666,2.072608695652174,190.67999999999998,2.6698252276688788,4.869565217391305,0.6847826086956522,12.858695652173912,1183,84.16357458064664,9.555555555555555,30.00170935301127,258.0,6.75,10.522532214753554,135.0,18.083333333333332,50.77479404335312,434.0,-2.1358386,49.2214561
112,Jordan,4917,12.563481675392671,26.274953428196362,0.18274777136864184,1.824901362619497,8973.040000000066,2.489291699379048,18.94671547691682,0.9503762456782591,16.77445596908684,82480,107.2450947511513,5.313982521847691,15.48513959501238,8513.0,13.895676691729323,40.776418351971934,14785.0,22.844738778513612,92.05456472392467,31046.0,36.941628,31.1667049
113,Kazakhstan,4139,9.969334330590875,24.82112267342329,0.12131996117761243,1.9206281710558273,7949.480000000069,2.443742344715392,21.667310944672625,1.162358057501812,14.809615849238947,61297,113.97168801395529,6.101284958427816,20.792295133667775,8072.0,10.478260869565217,34.660730370751594,9640.0,21.716742081447965,85.71360902438445,23997.0,65.2093197,47.2286086
114,Kenya,13753,17.05395935529082,30.08954911945952,0.1792154865002547,1.578446157202041,21708.369999999668,2.164345815231492,9.984439758598125,0.3592670690031266,7.624009307060278,104853,63.760025134314986,5.864644970414201,18.11937294548409,15858.0,7.053363397219091,20.22036885644828,18769.0,15.843775762572136,51.68612564241307,38437.0,38.4313975,1.4419683
115,Kiribati,21,3.0,4.472135954999579,0.4117647058823529,1.234761904761905,25.930000000000003,2.232018411769086,2.761904761904762,0.0,5.380952380952381,113,12.253473754312246,6.333333333333333,7.201851613763412,38.0,3.75,2.9860788111948193,15.0,17.0,10.583005244258363,51.0,173.6641773,0.3448612
116,"Korea, Democratic People's Republic of",6920,6.517073170731707,20.98149545133451,0.1525967515540405,0.9149089595375868,6331.1700000001,1.505467567760376,1.869364161849711,0.08092485549132948,2.882514450867052,19947,14.729803707089681,2.9564977973568283,4.6808656474964705,5369.0,5.090729783037475,11.72863682609279,2581.0,7.12778730703259,20.179366500289518,8311.0,127.00873073371443,38.233686649999996
117,"Korea, Republic of",26278,7.686365616378684,19.64468930404254,0.16509973635775754,1.5194607656594719,39928.3899999996,2.1865331569874393,7.593956922140193,0.5620671283963772,8.870804475226425,233107,147.3951202528038,4.351953842119066,11.94439222774424,33188.0,10.362989323843417,102.83109200028254,37856.0,15.271662360034453,184.32393867160008,88652.0,49.132971,55.8215537
118,Kuwait,1534,20.81331168831169,36.3977469785212,0.15758591785414922,1.9483898305084866,2988.8300000000186,2.7412460828390803,21.21838331160365,1.2653194263363754,28.204041720990872,43265,433.6941990326671,6.9897330595482545,15.980244276300729,3404.0,26.764011799410028,192.97715105989914,9073.0,43.2737819025522,332.4160943048236,18651.0,47.4979476,29.2733964
119,Kyrgyzstan,1083,10.728045325779037,28.89380499184957,0.13350785340314136,1.989935364727614,2155.100000000006,2.6067370584577056,28.24192059095106,0.8236380424746076,19.295475530932595,20897,121.61304747404495,7.1066666666666665,16.887844341732645,2132.0,14.496031746031745,49.16501995705354,3653.0,31.79259259259259,109.15308279640936,8584.0,74.724091,41.5089324
120,Lao People's Democratic Republic,500,22.406060606060606,40.496446241207835,0.21445783132530122,1.8220999999999972,911.0499999999986,2.531427906239673,17.106,2.304,19.168,9584,162.266239374929,4.682539682539683,8.243931871286462,590.0,17.03370786516854,45.19413916100844,1516.0,43.11666666666667,240.23654950878722,5174.0,103.378253,20.0171109
121,Latvia,3708,10.065040650406504,23.059868466030554,0.13557001027045532,2.8821062567421847,10686.85000000002,3.312229110529739,41.92340884573894,9.451995685005393,49.45738942826321,183388,899.1237094561935,8.21511232130701,29.597803794299065,12068.0,19.73008130081301,62.7888500969288,24268.0,36.3136826783115,159.415295891852,49895.0,24.7537645,56.8406494
122,Lebanon,4151,15.340689655172413,32.93027222878149,0.1505443234836703,2.0029510961214294,8314.250000000053,2.5729943340687744,25.64032763189593,3.318236569501325,24.894483257046495,103337,189.44797409217776,7.273759713090257,19.905016950294428,12169.0,19.967198581560282,99.40386547103398,22523.0,33.900826446280995,148.4570998256203,49224.0,35.843409,33.8750629
123,Lesotho,158,9.962962962962964,14.655751608366918,0.25,1.5408860759493677,243.4600000000001,2.234165906785026,8.525316455696203,0.0379746835443038,2.0443037974683542,323,8.43509874948057,1.588235294117647,1.1041971458477857,54.0,4.818181818181818,9.505068140014586,106.0,7.8,21.977500456507546,156.0,28.3350193,-29.6039267
124,Liberia,72,39.5,91.37401450256955,0.10714285714285714,1.1450000000000005,82.44000000000004,1.4594741480178377,0.4027777777777778,0.0,3.1805555555555554,229,11.358841426846768,4.0,9.433981132056603,60.0,3.888888888888889,3.6552853665768845,35.0,5.7,8.380532998165053,57.0,-9.3658524,5.7499721
125,Libya,665,11.292682926829269,25.399380604436637,0.20916334661354583,1.404240601503759,933.8199999999997,2.163492004345546,8.287218045112782,0.9037593984962407,7.730827067669173,5141,44.474861216067005,5.031847133757962,11.263408181981065,790.0,8.727272727272727,22.4544121935812,768.0,14.805970149253731,37.17212101334386,1984.0,18.1236723,26.8234472
126,Liechtenstein,80,12.117647058823529,20.83814204752597,0.09836065573770492,2.2998749999999997,183.98999999999998,2.8824771755768546,31.3875,1.7375,24.2875,1943,102.7271418105116,6.884615384615385,14.015211516283077,179.0,16.217391304347824,51.54605753528421,373.0,44.80769230769231,174.38303110813717,1165.0,9.5531527,47.1416307
127,Lithuania,5604,10.872237846524708,29.86787202992774,0.11017661900756939,2.823285153461836,15821.69000000013,3.1041204047967277,40.50339043540328,4.804603854389722,33.65007137758744,188575,193.97120842172967,8.016047297297296,27.7820398182134,18982.0,18.41043956043956,81.06939995758154,33507.0,39.03502304147465,239.6355802320728,84706.0,23.7499997,55.3500003
128,Luxembourg,1384,15.686666666666667,30.760918945984443,0.158072696534235,3.227673410404627,4467.100000000004,3.283178087991931,55.31719653179191,3.8880057803468207,51.35910404624278,71081,303.55057796113897,7.970540098199673,23.758672953839138,4870.0,24.746765249537894,79.66385753809786,13388.0,44.66,143.45096036642641,26796.0,6.1296751,49.8158683
129,Macao,15933,4.954810495626822,18.89147217907293,0.16623065998953584,1.2185062449005264,19414.460000000086,1.651966084337215,2.632900269880123,0.09640369045377518,2.359128852068035,37588,33.24146953061241,3.669458128078818,19.96820052570011,7449.0,4.405518896220756,22.524921095618488,7344.0,9.304562268803945,53.815055296653505,15092.0,113.5514142,22.1757605
130,Madagascar,1423,10.441095890410958,30.38534491508879,0.29536290322580644,1.250007027406883,1778.7599999999948,1.9612005314510308,14.34926212227688,1.3555867884750528,14.96064652143359,21289,243.14430232974516,4.927710843373494,11.284927643367999,1227.0,19.285714285714285,85.41966893678438,4185.0,26.01834862385321,95.02723176534128,5672.0,46.4416422,-18.9249604
131,Malawi,521,16.007575757575758,27.705235874136587,0.1574585635359116,1.092207293666026,569.0399999999996,1.811701793263984,2.404990403071017,0.12476007677543186,3.257197696737044,1697,20.182510303032057,4.555555555555555,8.040196355406367,328.0,6.333333333333333,11.52028563587186,342.0,14.23728813559322,36.58779661969975,840.0,33.9301963,-13.2687204
132,Malaysia,20173,15.369486404833836,33.13119556692571,0.19376966645689112,1.688193625142491,34055.92999999947,2.4286618379686873,15.188221880731671,1.0366331234818817,18.91820750508105,381637,414.5783274863446,6.590836130161973,25.901134228188212,45167.0,15.880712625871418,224.86301436576275,61506.0,27.266032843560932,253.3690969794726,157734.0,102.2656823,4.5693754
133,Maldives,372,12.202702702702704,25.60265703139961,0.14492753623188406,1.954354838709677,727.0199999999999,2.7298092629879074,13.131720430107526,0.5967741935483871,15.005376344086022,5582,63.093307645655266,6.426229508196721,11.156970198624999,784.0,13.558441558441558,30.685798835469182,1044.0,30.710280373831775,77.50520485818568,3286.0,73.3287853,4.7064352
134,Mali,213,8.833333333333334,20.646758047843225,0.17266187050359713,1.261596244131456,268.72000000000014,2.0378784025014975,1.7981220657276995,0.051643192488262914,4.967136150234742,1058,23.33864415726201,3.9565217391304346,7.8058568374127635,182.0,4.071428571428571,5.59714590912568,114.0,11.472222222222221,23.26430264972019,413.0,-2.2900239,16.3700359
135,Malta,1534,16.764940239043824,32.60007902072214,0.15384615384615385,3.0154172099087435,4625.650000000012,3.2384488772333286,34.33050847457627,1.1029986962190352,38.02477183833116,58330,219.28096495314637,8.971166448230669,20.684841904051844,6845.0,16.995983935742974,52.41933521288407,8464.0,31.041726618705034,83.54844484958375,21574.0,14.4476911,35.8885993
136,Marshall Islands,10,1.5,0.7071067811865476,0.1111111111111111,0.9179999999999999,9.18,2.763527536400614,0.0,0.0,1.3,13,2.7908580918579307,1.0,0.0,6.0,2.0,,2.0,2.2,1.3038404810405297,11.0,168.0002575,8.9995549
137,Martinique,61,10.380952380952381,20.321112642953857,0.14285714285714285,1.7467213114754108,106.55000000000005,2.6230260650067736,11.40983606557377,0.5245901639344263,14.245901639344263,869,57.03965162870034,4.777777777777778,11.849822811063245,86.0,18.142857142857142,38.673897265084754,254.0,36.2,91.47224403375827,543.0,-61.01582685063731,14.6367927
138,Mauritania,161,13.790697674418604,20.769205844384686,0.1826086956521739,1.41888198757764,228.44000000000003,1.9663023654148477,10.583850931677018,0.4782608695652174,7.0186335403726705,1130,32.97868100183993,4.735294117647059,8.403854900199116,161.0,10.555555555555555,20.26427954902482,285.0,18.413793103448278,39.21234976871746,534.0,-9.2399263,20.2540382
139,Mauritius,1219,16.90995260663507,32.74193988680561,0.18209255533199195,1.83767022149303,2240.1200000000035,2.4685667885797673,15.51763740771124,1.5914684167350288,18.40935192780968,22441,160.01811456721182,6.564593301435407,25.45277076316933,2744.0,20.76356589147287,126.7095790469466,5357.0,35.717032967032964,272.82117501814247,13001.0,57.5703566,-20.2759451
140,Mayotte,11,10.0,9.695359714832659,0.25,0.82,9.02,1.621240265969236,0.0,0.0,0.36363636363636365,4,0.9244162777371753,,,0.0,,,0.0,,,0.0,45.1520755,-12.823048
141,Mexico,31495,15.256894873458792,29.701147146151396,0.12150533370345402,2.088152722654377,65766.3699999996,2.617674557760669,16.75834259406255,1.368217177329735,12.283981584378473,386884,147.3007980904274,4.97986577181208,13.281081875373697,42294.0,9.869287991498405,45.11426435836245,74296.0,19.683097660895996,122.12605024124537,148942.0,-102.0077097,23.6585116
142,"Moldova, Republic of",2395,9.903935185185185,22.901447039456006,0.14285714285714285,2.4861043841336263,5954.220000000035,2.8131173343764138,31.040918580375784,1.1490605427974947,19.799164926931105,47419,147.73164611595953,6.678007290400972,21.21760940403821,5496.0,13.386398763523957,36.50843662430587,8661.0,23.308300395256918,70.67053382094697,17691.0,29.7521996,46.6745434
143,Monaco,74,13.06060606060606,28.087963830103668,0.2,2.278108108108108,168.57999999999998,2.8265525134764795,41.945945945945944,0.7702702702702703,21.68918918918919,1605,75.85402810764565,15.121212121212121,37.433906401614685,499.0,6.625,12.125476234484296,159.0,26.821428571428573,58.725383224978906,751.0,7.424224092532953,43.73844905
144,Mongolia,1373,8.62155388471178,21.718843833843295,0.24442289039767218,1.582032046613254,2172.129999999998,2.3259256332588105,13.090313182811363,0.20393299344501092,7.640932265112892,10491,39.94923874241132,5.534965034965035,10.061067982383458,1583.0,8.036082474226804,15.019632648116083,1559.0,13.560311284046692,28.99901097283704,3485.0,103.8499736,46.8250388
145,Montenegro,559,11.805970149253731,23.205972597137674,0.13075060532687652,2.1216457960643975,1185.9999999999982,2.7522770259768072,29.076923076923077,0.7262969588550984,18.415026833631483,10294,95.47712400089013,6.367924528301887,12.593028592507755,1350.0,14.562091503267974,65.79551957084034,2228.0,24.613259668508288,90.76896582278415,4455.0,19.5180992,42.9868853
146,Montserrat,5,,,0.25,0.6340000000000001,3.1700000000000004,1.1840945908161224,0.0,0.0,3.2,16,4.08656334834051,1.0,0.0,2.0,,,0.0,1.0,,1.0,-62.1916844,16.7417041
147,Morocco,16685,14.18195093457944,33.12929215079937,0.15966247518199866,1.2797752472280295,21353.049999999672,1.8897539899369045,6.826011387473779,0.4099490560383578,8.113635001498352,135376,84.3944088194985,4.433020948180816,9.174993948133109,16083.0,11.499601593625497,64.74581473691728,28864.0,19.388239116309293,114.71782659264319,59677.0,-7.3362482,31.1728205
148,Mozambique,1062,15.487603305785123,28.860119277100253,0.13224368499257058,1.3210357815442535,1402.939999999997,2.056647084366375,7.655367231638418,0.4406779661016949,8.835216572504708,9383,93.40350659983953,3.7111111111111112,4.582562149442946,668.0,10.461538461538462,30.608323686673675,1632.0,17.521472392638035,70.82819915365307,2856.0,34.9144977,-19.302233
149,Myanmar,3789,9.705128205128204,21.560690183519377,0.22077004592016955,1.367049353391414,5179.750000000068,2.0577562859477987,8.797307996832938,0.3578780680918448,11.092108735814199,42028,80.42218466431004,7.031413612565445,22.328749667077577,5372.0,11.812962962962963,32.89072561756325,6379.0,22.048211508553656,69.86858498178607,14177.0,95.9999652,17.1750495
150,Nauru,5,1.0,0.0,0.0,0.14800000000000002,0.7400000000000001,0.24139179770655012,0.0,0.0,0.8,4,1.7888543819998317,1.0,,1.0,,,0.0,2.0,,2.0,166.93479227083333,-0.5275000000000001
151,Nepal,12591,13.2840859272249,27.88152584753141,0.13705532601027914,1.8686633309506429,23528.339999999545,2.3371515660566735,12.512588356762768,1.1716305297434675,19.096894607259152,240449,178.66119483758243,6.413441955193482,14.146893616547173,25192.0,16.25330172705723,98.21816759248946,47996.0,27.724559832885706,144.1855135546653,92905.0,84.0917139,28.1083929
152,Netherlands,47413,14.05675263295002,30.000910823684073,0.13290720740577475,3.2514403222744113,154160.53999999666,3.3808338954802335,46.88986143040938,7.470482778984667,60.44873768797587,2866056,538.1571862821028,7.580710749646393,19.154848427513134,171506.0,28.71547612808553,160.05913810127254,547920.0,63.877086494688925,549.4491724487164,1389135.0,5.38721,52.15517
153,New Caledonia,92,17.75,43.63362942755595,0.14285714285714285,3.0903260869565226,284.31000000000006,2.9633651242349095,26.608695652173914,8.554347826086957,27.565217391304348,2536,139.66178175281095,4.2631578947368425,4.979331391816634,162.0,8.545454545454545,15.061817650980052,376.0,18.84090909090909,56.25396861734154,829.0,165.4880773,-21.3019905
154,New Zealand,13208,15.030930644501975,30.2240925838792,0.15916745832973486,3.16235917625681,41768.439999999944,3.505479597776004,55.39203513022411,6.942989097516657,71.31109933373713,941877,1234.9651908213946,8.708191126279864,24.17994852570848,51030.0,29.870481927710845,149.357391312231,148755.0,64.43709561466571,627.8469205979909,358528.0,172.8344077,-41.5000831
155,Nicaragua,735,20.78395061728395,42.24683755520065,0.10580204778156997,2.330272108843537,1712.7499999999998,2.7545649862964874,24.295238095238094,1.2380952380952381,19.069387755102042,14016,126.84370793007534,6.790123456790123,16.237152436290117,1100.0,19.310880829015545,78.07466202130453,3727.0,30.870786516853933,90.70315488224531,5495.0,-85.2936911,12.6090157
156,Niger,102,13.642857142857142,17.20736489394604,0.11764705882352941,0.9202941176470585,93.86999999999996,1.4427067903546278,0.7941176470588235,0.0,1.3627450980392157,139,3.4976348888312794,2.2666666666666666,2.250925735484551,34.0,1.3,0.6749485577105528,13.0,4.333333333333333,5.175700801618926,52.0,9.3238432,17.7356214
157,Nigeria,29269,20.465954773869345,36.165325130151075,0.16620800664624333,1.3415378045030588,39265.47000000003,1.9344139954842183,6.887013563838874,0.28343981687109226,6.452253237213434,188851,69.39358429227198,4.700074794315632,12.824190776804345,25136.0,7.500608519269777,28.519058197948233,36978.0,16.036184898556787,69.81582876117233,76669.0,7.9999721,9.6000359
158,Niue,8,8.166666666666666,7.440878084384037,0.16666666666666666,3.1412500000000003,25.130000000000003,2.983734177646719,25.875,0.0,18.25,146,27.15958131383577,9.333333333333334,13.396516960264957,56.0,1.5,0.5773502691896257,6.0,22.0,34.03919309658598,88.0,-169.861341,-19.0536414
159,Norfolk Island,3,13.0,14.142135623730951,0.0,1.09,3.27,1.844803512572545,0.0,0.0,1.0,3,1.0,,,0.0,1.0,,1.0,,,0.0,167.9587289126371,-29.0289575
160,North Macedonia,2184,12.690417690417691,26.00316910523324,0.18592057761732853,2.325604395604409,5079.120000000029,2.9013121806016113,18.872710622710624,1.3035714285714286,25.89331501831502,56551,200.56811448724588,7.672108843537415,27.3757778492077,5639.0,16.714795008912656,80.64973172395185,9377.0,27.242378048780488,97.95199370910306,17871.0,21.7168387,41.6171214
161,Northern Mariana Islands,17,14.071428571428571,14.989556804215832,0.125,3.1335294117647066,53.27000000000001,3.1523105438243038,45.529411764705884,0.29411764705882354,35.294117647058826,600,115.67236311338716,9.285714285714286,12.592514783450865,65.0,8.75,17.621010186706094,70.0,24.8,25.03397691138985,124.0,145.21345248318923,14.149020499999999
162,Norway,13278,11.823092783505155,27.396159135689278,0.13861561641407427,3.3711869257418687,44762.620000000534,3.566549813164839,49.05023346889592,4.841693026058142,55.029371893357435,730680,558.7882088046297,8.338533023564553,23.579199612767628,50248.0,26.146221585091133,162.56433359097053,127672.0,54.4920245398773,538.7861493270947,310877.0,9.0999715,60.5000209
163,Oman,1045,21.82747603833866,46.52352188733679,0.20849933598937584,1.4367177033492775,1501.369999999995,2.244774613805134,10.023923444976077,0.3837320574162679,10.52535885167464,10999,52.24295382277659,6.38622754491018,18.12180812915726,2133.0,9.923076923076923,29.498096490410788,1806.0,20.287769784172664,58.8722835505762,5640.0,57.0036901,21.0000287
164,Pakistan,66230,23.33664558867811,42.89851116080168,0.11076393061731363,1.6734893552770322,110835.19999999784,2.3064254318774045,14.717046655594142,0.9669787105541295,19.682213498414615,1303553,590.7971298811233,6.055151835988258,15.370724073148612,125820.0,13.510941441134365,72.1981191847761,198192.0,26.7194321306324,127.73785084600868,476167.0,71.247499,30.3308401
165,Palau,1,,,1.0,0.0,0.0,,0.0,0.0,0.0,0,,,,0.0,,,0.0,,,0.0,132.9102573,5.3783537
166,"Palestine, State of",1585,13.912951167728238,31.58977180946715,0.2082965578111209,1.7012429022082054,2696.4700000000057,2.3463931663486277,14.508517350157728,0.8082018927444795,14.574132492113565,23100,89.25131757590725,5.983367983367984,16.550797245643164,2878.0,15.048780487804878,52.1089548824036,4936.0,29.920199501246884,147.79669690476888,11998.0,-79.4683738,42.2088336
167,Panama,1067,17.711111111111112,32.92863459803591,0.12135355892648775,2.358041237113406,2516.030000000004,2.8629283815042355,15.907216494845361,0.43580131208997186,11.760074976569822,12548,71.18585838855881,4.931952662721893,13.931736383824362,1667.0,7.827338129496403,16.565994510330565,2176.0,15.914089347079038,43.609428442501354,4631.0,-81.1308434,8.559559
168,Papua New Guinea,216,10.533333333333333,16.13484841370793,0.25,1.0030555555555554,216.65999999999994,1.9315969815737468,2.7222222222222223,0.027777777777777776,4.060185185185185,877,18.554033923900967,4.925,8.910919547358013,197.0,3.923076923076923,5.129702345540738,102.0,10.151515151515152,12.937641815940639,335.0,144.2489081,-5.6816069
169,Paraguay,1246,14.193784277879342,29.79525550605883,0.15338042381432895,2.6415008025682245,3291.3100000000077,3.0313348940290985,36.564205457463885,0.9807383627608347,24.620385232744784,30677,364.69092976214165,5.090909090909091,9.475072841281671,1736.0,17.822981366459626,122.95153808032416,5739.0,21.54054054054054,87.72411406713421,7173.0,-58.1693445,-23.3165935
170,Peru,7932,14.664649341402635,28.935174744465183,0.11797660240566815,1.8878530005043024,14974.450000000126,2.4902276670802754,19.55446293494705,1.646243066061523,18.956253151790218,150361,305.1279794208902,5.990922844175492,17.732680278352895,11880.0,17.269368295589988,151.90731381005503,28978.0,43.732195409064154,506.3755764936962,74301.0,-75.0458515,-6.8699697
171,Philippines,42727,14.326590076590076,30.819333275816646,0.2039713347267841,1.2922891848245912,55215.64000000031,2.15233547650839,9.840733025955485,1.3542724740796217,12.93638682800103,552733,177.75191970428705,6.233720044034211,16.18730069061065,73614.0,13.552169343942351,84.86769700049084,90271.0,24.249706457925637,111.92873081470508,247832.0,122.7312101,12.7503486
172,Pitcairn,5,13.5,12.7148207485071,0.0,3.378,16.89,3.939697957965813,172.2,24.8,96.0,480,148.69599860117287,32.75,27.885181249784505,131.0,63.333333333333336,95.19628844305502,190.0,138.75,197.96695852254402,555.0,-130.101782,-25.0657719
173,Poland,52062,10.185079996213197,26.374339633643107,0.14735463348458624,2.532621873919547,131853.35999999946,2.919668403969809,36.470150973838884,4.9397257116514925,35.88457992393685,1868223,425.7335026730017,6.515954647658231,18.023011302874654,136203.0,22.180760843227525,163.00817249628332,366160.0,39.82358475772307,512.168083769709,761865.0,19.134422,52.215933
174,Portugal,17754,13.892451956471405,29.779194143371225,0.1278099340422668,2.7842277796552892,49431.18000000001,3.080541178548413,34.94761743832376,3.093331080319928,25.859355638166047,459107,210.6187564416645,6.7283161601669494,20.873887042453475,51586.0,14.466964285714285,71.54004606135858,81015.0,28.782706661033657,156.72321691637322,204386.0,-7.8896263,40.0332629
175,Puerto Rico,154,23.333333333333332,42.9857493582155,0.07751937984496124,1.8304545454545447,281.8899999999999,2.6221423513974744,60.214285714285715,1.7077922077922079,21.11038961038961,3251,101.12637287099389,8.621621621621621,13.437822557061656,319.0,17.03125,33.29291736652397,545.0,33.567567567567565,52.74021264680329,1242.0,-66.26152219418967,18.19897685
176,Qatar,1380,25.866962305986696,54.05622623689276,0.16822429906542055,1.823652173913057,2516.6400000000185,2.5921041193987198,14.128985507246377,0.8166666666666667,26.495652173913044,36564,348.00028024410176,5.533185840707965,11.653582779632638,2501.0,16.552816901408452,68.07873761318744,4701.0,26.527704485488126,97.34092244689232,10054.0,51.2295295,25.3336984
177,Romania,23888,11.13661971830986,26.087237592933366,0.17704635358555634,2.5438408405894157,60767.26999999997,2.9899904749460067,33.99434862692565,2.4694407233757536,36.120437039517746,862845,437.6225848752854,6.945464480874317,18.821752457973748,63551.0,21.49233464739378,128.58509528742923,147201.0,38.02538803994706,253.17023226158418,316029.0,24.6859225,45.9852129
178,Russian Federation,85534,10.158152065455997,27.48290166449214,0.12730306211975204,2.6246970795238584,224500.8399999937,2.943768541436998,34.6040989548016,2.9668319031028596,29.288306404470738,2505146,326.32991436545217,6.39918500407498,23.33044384663566,196295.0,18.39255200950155,121.14591719631987,480064.0,36.86848574237955,342.95179594978543,1049867.0,97.7453061,64.6863136
179,Rwanda,1066,20.424836601307188,35.418378633912376,0.22072678331090176,1.2992401500938053,1384.9899999999966,1.7736252057418431,9.853658536585366,0.40619136960600377,7.027204502814259,7491,44.91916799748534,5.033492822966507,15.63107813322291,1052.0,8.690217391304348,24.23578873670481,1599.0,17.9390243902439,52.542439185926305,2942.0,30.0644358,-1.9646631
180,Réunion,170,14.857142857142858,19.988609592904577,0.15942028985507245,2.108470588235293,358.43999999999977,2.897405697729665,12.523529411764706,0.18235294117647058,10.441176470588236,1775,30.529829410182234,6.909090909090909,11.785541561548621,380.0,6.8,9.538227182122355,374.0,14.44,16.783325057925794,722.0,55.536480112992315,-21.130737949999997
181,Saint Barthélemy,4,1.0,,0.0,0.6924999999999999,2.7699999999999996,0.666802069582871,0.25,0.0,1.75,7,3.5,2.0,,2.0,,,0.0,2.0,,2.0,-62.811568843006896,17.9036287
182,"Saint Helena, Ascension and Tristan da Cunha",2,8.0,,0.0,4.61,9.22,3.2385490578343883,0.0,0.0,5.0,10,7.0710678118654755,,,0.0,6.0,,6.0,3.0,,3.0,-5.702575637953244,-15.96545515
183,Saint Kitts and Nevis,13,31.0,47.5972688292091,0.2222222222222222,0.7461538461538461,9.7,1.2446923211617296,0.0,0.0,1.6153846153846154,21,2.9591232242693533,1.0,,1.0,,,0.0,1.0,,1.0,-62.6725973,17.250512
184,Saint Lucia,61,38.416666666666664,59.17984135825649,0.22727272727272727,1.6380327868852465,99.92000000000003,2.3787369335231467,6.80327868852459,0.13114754098360656,7.262295081967213,443,32.016090558417794,6.357142857142857,8.242545749922195,89.0,5.625,8.416607731995457,45.0,16.846153846153847,29.88267656978469,219.0,-60.975036,13.8250489
185,Saint Martin (French part),8,6.0,6.244997998398398,0.25,1.4925000000000004,11.940000000000003,2.647655296942669,2.625,0.0,1.0,8,1.1952286093343936,1.0,,1.0,1.5,0.7071067811865476,3.0,,,0.0,-63.05129209796061,18.085493
186,Saint Pierre and Miquelon,4,1.0,,0.0,1.5850000000000002,6.340000000000001,2.9380435667293976,16.25,1.75,10.5,42,21.0,14.0,,14.0,22.0,,22.0,54.0,,54.0,-56.195158907484085,46.783246899999995
187,Saint Vincent and the Grenadines,11,120.66666666666667,179.83418288338103,0.1,1.6936363636363636,18.63,1.8478218135267954,0.0,0.0,5.636363636363637,62,7.8137408105558155,2.25,0.9574271077563381,9.0,1.0,,1.0,5.333333333333333,4.041451884327381,16.0,-61.2765569,12.90447
188,Samoa,21,7.166666666666667,7.985403350280227,0.29411764705882354,1.5985714285714285,33.57,2.6853906339940297,4.333333333333333,0.14285714285714285,9.80952380952381,206,17.76969062088321,3.0,3.1622776601683795,24.0,4.333333333333333,4.320493798938573,26.0,4.25,4.334248987508019,34.0,-172.12005,-13.7693895
189,San Marino,31,12.142857142857142,20.31818327086778,0.1,4.678709677419356,145.04000000000002,3.971692117922775,112.45161290322581,6.354838709677419,129.93548387096774,4028,564.5184930826075,7.352941176470588,8.943860858646199,125.0,27.5625,74.81262705363758,441.0,40.8235294117647,113.36293226520168,694.0,12.458306,43.9458623
190,Sao Tome and Principe,14,2.6666666666666665,2.8867513459481287,0.0,2.3035714285714284,32.25,3.1838694579512405,9.214285714285714,0.0,0.8571428571428571,12,2.68491921829898,1.0,,1.0,2.5,2.1213203435596424,5.0,3.0,,3.0,6.9648718,0.8875498
191,Saudi Arabia,9494,18.44717261904762,41.69896948384763,0.1788215904408735,1.562135032652226,14830.910000000235,2.267824829146294,14.269012007583736,0.7276174425953233,13.901516747419423,131981,187.184884169351,5.165881926838102,16.856276795881914,14263.0,11.731182795698924,55.376081200266455,20729.0,21.93856954804739,140.792029951504,49998.0,42.3528328,25.6242618
192,Senegal,1336,14.64406779661017,32.235930175521574,0.16032887975334018,1.3227470059880213,1767.1899999999964,1.932556130457613,2.495508982035928,0.07559880239520958,4.916167664670659,6568,56.574531470176446,3.67027027027027,6.908126313674891,679.0,7.989189189189189,26.63929534361279,1478.0,14.152439024390244,44.128867965082634,2321.0,-14.4529612,14.4750607
193,Serbia,12761,14.89090909090909,33.63724053005359,0.16045872429153635,2.2572227881827174,28804.419999999656,2.7692801874692257,25.25609278269728,1.4041219340177102,20.766632709035342,265003,134.49007812986335,6.420749279538905,16.55874065888108,26736.0,15.694139768097775,72.34122269976554,50080.0,27.2869429241595,99.49643423984742,104700.0,20.55144,44.1534121
194,Seychelles,41,9.55,12.364954721435815,0.11764705882352941,2.220487804878048,91.03999999999998,2.842238511472526,79.09756097560975,1.1219512195121952,13.0,533,49.815158335590986,3.230769230769231,2.488434787634125,42.0,18.833333333333332,37.38671778408298,113.0,23.09090909090909,57.63931738918244,254.0,55.4540146,-4.6574977
195,Sierra Leone,218,9.875,17.477635478962362,0.10714285714285714,0.8526146788990827,185.87000000000003,1.539214309169819,2.6743119266055047,0.045871559633027525,2.4357798165137616,531,23.309735799224253,2.9642857142857144,4.834154281676126,83.0,11.25,28.16872863171628,135.0,12.277777777777779,31.87439605989432,221.0,-11.8400269,8.6400349
196,Singapore,19470,15.608293810044996,35.15354877576798,0.1868850417237514,2.3362408834103885,45486.61000000026,2.994182844118631,31.678120184899846,4.227221366204417,48.603389830508476,946308,974.0988078795033,8.405890711794342,25.98071410386385,65070.0,27.295338743159085,279.09105649783135,144638.0,54.096479599351895,698.1695870034284,367261.0,103.8194992,1.357107
197,Sint Maarten (Dutch part),1,,,0.0,5.75,5.75,,4.0,0.0,12.0,12,,,,0.0,3.0,,3.0,1.0,,1.0,-63.044359755331854,18.02222735
198,Slovakia,5603,10.4708719851577,24.1420218150131,0.10869101003630152,3.016166339461013,16899.580000000056,3.1156300426767034,61.63019810815634,3.930751383187578,60.76369801891844,340459,1744.2409761417373,7.512570965125709,19.18778886430239,18526.0,36.54362077660111,578.9682383146735,72466.0,58.272165857962065,758.3986803027385,132103.0,19.4528646,48.7411522
199,Slovenia,3841,11.813586097946288,26.819990907247572,0.14539877300613496,3.2504946628482245,12485.15000000003,3.389668296676672,54.00286383754231,7.1223639677167405,43.20177037229888,165938,294.32814941580347,8.345714285714285,22.41374857387155,14605.0,20.629842180774748,85.71509510861979,28758.0,40.34643288996372,212.41348474635373,66733.0,14.4808369,45.8133113
200,Solomon Islands,12,9.333333333333334,12.500666648889837,0.14285714285714285,1.095,13.139999999999999,1.3110543987049648,0.0,0.0,0.6666666666666666,8,1.497472618255253,,,0.0,1.0,,1.0,,,0.0,159.1070693851845,-8.7053941
201,Somalia,596,21.594202898550726,97.12770115220378,0.08983451536643026,0.936610738255032,558.2199999999991,1.720473041112653,8.59731543624161,0.4865771812080537,10.783557046979865,6427,132.39069427590275,8.451612903225806,34.56327409040595,786.0,12.870967741935484,39.531885396253834,798.0,40.013698630136986,161.08137118572898,2921.0,49.083416,8.3676771
202,South Africa,26552,18.6632115092485,38.698531958053984,0.17243493021501322,2.269896053028025,60270.28000000012,2.9284008013852563,23.30728382042784,1.6376544139801146,22.486178065682434,597053,256.88523329476607,7.550080220032088,27.166163040080015,65882.0,13.88633737723859,63.85330891650213,96149.0,30.60261620523241,154.77098932637233,240965.0,24.991639,-28.8166236
203,South Georgia and the South Sandwich Islands,7,3.0,4.0,0.0,3.3000000000000003,23.1,3.5338458747753365,13.714285714285714,0.2857142857142857,17.714285714285715,124,31.062916184813716,12.5,16.263455967290593,25.0,4.666666666666667,3.055050463303893,14.0,27.5,23.33452377915607,55.0,-35.8090698,-54.8432857
204,South Sudan,58,11.533333333333333,16.10175973819839,0.2222222222222222,1.014310344827586,58.83,2.058919928121884,7.086206896551724,0.017241379310344827,10.03448275862069,582,45.62623341942174,8.222222222222221,13.217202595271226,74.0,8.6,10.406728592598157,43.0,36.333333333333336,51.47297025300431,218.0,29.6667897,7.8699431
205,Spain,50790,15.067829457364342,33.60284136276356,0.14119667772523,2.748199645599469,139581.05999999703,3.026206253095526,34.771155739318765,3.3742075211655838,28.447076196101595,1444827,384.5289921092107,6.908651870119194,23.01335991940551,134470.0,18.168812170860154,107.15108174974618,310505.0,37.06495998245806,312.25765174537986,676139.0,-4.8379791,39.3260685
206,Sri Lanka,18563,14.05574583677808,26.045295023505723,0.2467903944655092,2.356143942250715,43737.10000000003,2.6397924623608513,33.47185261003071,1.6841566557129775,29.737488552496902,552017,268.7095565128362,7.78300155301426,19.922298487838894,55127.0,16.53078775369797,104.16047939887511,96110.0,29.884166799808277,164.04757659256936,187045.0,80.7137847,7.5554942
207,Sudan,1473,11.607427055702917,22.944422861271082,0.1534795042897998,1.3638153428377398,2008.8999999999908,1.9489819593405902,9.238968092328582,0.2953156822810591,19.158180583842498,28220,505.58626654989473,3.588815789473684,6.542474066425395,1091.0,10.31858407079646,37.24030444719226,2332.0,17.63157894736842,66.70537572002983,4690.0,29.4917691,14.5844444
208,Suriname,141,12.26,16.555176759884517,0.16071428571428573,1.4887943262411354,209.9200000000001,1.9902948364419721,13.851063829787234,1.872340425531915,15.070921985815604,2125,110.09422233381157,3.6923076923076925,5.736099197895481,144.0,13.52,36.908806537193804,338.0,45.59375,186.5508422223576,1459.0,-56.0771187,4.1413025
209,Svalbard and Jan Mayen,5,10.0,13.076696830622021,0.3333333333333333,2.134,10.67,2.9332030274087746,7.0,0.2,8.6,43,9.838699100999074,4.0,4.760952285695232,16.0,2.0,,2.0,7.666666666666667,5.686240703077327,23.0,16.605574070831505,78.51240265
210,Sweden,29356,12.034309572794385,27.450765770559936,0.13974145451661513,3.4063625834581943,99997.17999999876,3.551443353903572,46.07470363809783,5.002725166916473,59.95234364354817,1759961,668.1873021074415,8.15876272989816,23.895005675707544,107353.0,27.793131717981417,192.47689314758978,305113.0,55.87316495659037,652.9706900102639,707913.0,14.5208584,59.6749712
211,Switzerland,19854,12.466764884305398,26.963683266895956,0.14901549574740766,3.401980961015401,67542.92999999977,3.4099543052532173,68.70131963332327,10.784275209025889,80.84995466908431,1605195,1075.7086948110132,9.055968975998322,25.96093281767467,86403.0,34.16763969974979,203.25950236480884,286769.0,68.67054051090889,523.4138611681631,626344.0,8.2319736,46.7985624
212,Syrian Arab Republic,2451,11.935724962630792,37.93522363024024,0.17882611080636313,1.5737984496124107,3857.3800000000188,2.126168493758351,16.343941248470014,0.8425132598939209,11.006935944512444,26978,74.1675182825985,4.924107142857143,11.598032200139714,3309.0,11.18663594470046,35.8139883417551,4855.0,20.8584229390681,95.25326549685116,11639.0,39.0494106,34.6401861
213,"Taiwan, Province of China",50651,6.312778603268945,20.21382686427818,0.17247288552165776,1.5430344909281197,78156.2400000002,2.0296443835721436,6.501312905964344,0.22945252808434186,4.693747408738228,237743,48.027639995631034,3.920688847235239,17.08424045663227,33467.0,7.071074380165289,36.857587041822974,47058.0,13.033413563641512,62.90374898316412,92055.0,,
214,Tajikistan,343,8.457943925233645,18.589041392272442,0.09465020576131687,1.862099125364429,638.6999999999991,2.2968107106241553,27.88338192419825,0.4897959183673469,18.396501457725947,6310,84.52848365567618,8.588709677419354,21.021867088403617,1065.0,9.752808988764045,21.731460697923026,868.0,31.594059405940595,80.05962505755592,3191.0,70.8156541,38.6281733
215,"Tanzania, United Republic of",2198,13.455459770114942,25.691490606278183,0.19119420989143546,1.5203002729754393,3341.620000000016,2.076003894979681,9.533212010919017,0.2961783439490446,7.179708826205641,15781,46.76704105262844,4.715203426124197,11.862691005320572,2202.0,7.091383812010444,16.814338929312378,2716.0,17.112565445026178,62.58894269123735,6537.0,33.6119738,34.9179954
216,Thailand,15098,12.820224719101123,29.39986357970271,0.18183382074660245,1.8143509074049275,27393.069999999596,2.614312001863512,20.313617697708306,3.0056961186912172,18.82017485759703,284147,214.45723272514832,7.634756995581738,28.51497915385048,25920.0,19.294745160015804,92.70964517429731,48835.0,48.14819944598338,612.1143889315468,139052.0,100.83273,14.8971921
217,Timor-Leste,56,14.0,47.2111098036139,0.16666666666666666,1.7016071428571424,95.28999999999998,2.5033176363201877,14.678571428571429,0.8571428571428571,6.892857142857143,386,24.621261005612478,2.6363636363636362,1.747725795010606,29.0,22.75,36.99324262618783,182.0,35.111111111111114,79.45823501130081,316.0,125.8375756,-8.5151979
218,Togo,414,19.10989010989011,41.61875927176498,0.18382352941176472,1.2090338164251198,500.53999999999957,1.7134340393158192,0.9492753623188406,0.0024154589371980675,1.9057971014492754,789,6.84192425939686,3.0,3.3311821015291834,189.0,2.689655172413793,3.234717897902051,156.0,6.352941176470588,7.73258955179121,324.0,1.0199765,8.7800265
219,Tokelau,2,,,0.0,0.175,0.35,0.1626345596729059,0.0,0.0,1.0,2,0.0,1.0,,1.0,,,0.0,2.0,,2.0,-171.819687,-9.1676396
220,Tonga,30,4.0,5.264435935053794,0.3333333333333333,1.2323333333333328,36.969999999999985,1.5437542312287866,5.8,1.6666666666666667,10.1,303,47.80805732120461,6.142857142857143,12.294017127971522,43.0,11.333333333333334,17.897858344878397,34.0,26.375,67.74308082749116,211.0,-175.202642,-19.9160819
221,Trinidad and Tobago,618,15.916279069767441,22.141272517784596,0.15879828326180256,1.7673462783171496,1092.2199999999984,2.6308194112383556,43.31553398058252,16.89644012944984,57.76699029126213,35700,712.4115827838607,6.5139664804469275,17.637854318628506,1166.0,85.39090909090909,483.1961460038019,9393.0,132.48344370860926,1028.089580106745,20005.0,-60.9821067,10.8677845
222,Tunisia,11366,11.918949343339587,25.600567844694023,0.21772002362669818,1.448606369875075,16464.860000000102,1.9803280917739288,11.027274326939997,2.785588597571705,13.220570121414745,150265,283.73313308072653,5.014821822768843,12.437963451401547,15902.0,13.67251461988304,139.76282049283844,28056.0,25.305162523900574,403.1694252961324,66173.0,9.400138,33.8439408
223,Turkey,52999,11.781937652811736,29.45252707636364,0.13363568428376324,1.9598845261231026,103871.91999999831,2.5909087729977993,17.11000207551086,1.176475027830714,16.87875242929112,894557,219.17764788192318,5.582312576155967,15.215390881093894,87045.0,12.24054258994018,58.127027147827526,145283.0,22.401386581931103,117.32235429892295,310192.0,34.9249653,38.9597594
224,Turkmenistan,230,9.11111111111111,14.782513037565373,0.10884353741496598,1.5519565217391282,356.9499999999995,2.273906877421403,29.526086956521738,0.6869565217391305,12.047826086956523,2771,34.49146935309601,6.413333333333333,8.72104217261771,481.0,9.451612903225806,16.353349703844295,586.0,23.918032786885245,35.11471442855412,1459.0,59.3924609,39.3763807
225,Turks and Caicos Islands,23,1.0,0.0,0.15,1.5765217391304347,36.26,2.40307494056271,3.0434782608695654,0.34782608695652173,17.130434782608695,394,75.25490279880054,2.5714285714285716,2.9358214555806383,18.0,59.0,100.45894683899488,177.0,39.833333333333336,85.57433415847689,239.0,-71.6201783,21.7214683
226,Tuvalu,6,1.0,0.0,0.2,1.0633333333333332,6.38,2.3343235993894824,4.5,0.0,9.833333333333334,59,16.880955739135942,4.0,4.242640687119285,8.0,8.0,9.899494936611665,16.0,12.0,7.0710678118654755,24.0,179.1582918181797,-8.6405212
227,Uganda,3213,18.85132743362832,33.13775396475924,0.18074735987002438,1.6679084967320403,5358.990000000045,2.2294359662512373,11.061002178649238,0.16464363523187053,8.996887643946467,28907,72.69003515430185,5.426426426426427,17.221026442162117,3614.0,7.656401944894651,17.22743004989114,4724.0,15.566780821917808,38.15485724386972,9091.0,32.2166578,1.5333554
228,Ukraine,36865,9.506675954951817,26.53430206729145,0.12555353786358278,2.780804828428035,102514.3699999995,2.931475352722271,37.63510104435101,1.7456123694561236,27.290112572901126,1006050,179.75536144933614,6.594142938265596,18.7103217405074,81286.0,15.736785329018339,75.4161968378312,189644.0,28.995483211181185,158.48854210985877,340233.0,31.2718321,49.4871968
229,United Arab Emirates,10350,32.087236785560805,52.883882673339876,0.1598173515981735,2.1257342995168855,22001.349999999766,2.8435146100641644,24.606376811594203,1.4052173913043478,26.747826086956522,276840,218.57075552141805,8.060011376564278,21.668866677813764,28339.0,18.27306686589466,61.323163764568264,48917.0,33.39666036546944,106.81303062980048,106001.0,53.9994829,24.0002488
230,United Kingdom,146152,17.047998598581064,35.282681130331056,0.1421382742123874,3.0776083803168883,449798.62000007386,3.498050136181788,53.07651622967869,10.633894849198095,90.80115906727242,13270771,5560.893603621187,9.733665223878392,28.200202514985754,658901.0,35.78384144629723,303.713108593207,1912038.0,72.22663162641703,765.5276014318234,4644678.0,-3.2765753,54.7023545
231,United States,764753,23.51369252122882,47.72221494152097,0.1655792150581325,2.54179503709371,1943845.380002526,3.2368769236760095,41.23236783641254,5.62148301477732,54.63435252950953,41781785,1349.3999157228413,8.244198546590795,27.004877410872595,2300692.0,28.54569682816281,258.9778286731524,6405112.0,57.600792126463105,602.3873329803605,14965089.0,-100.445882,39.7837304
232,United States Minor Outlying Islands,3,4.0,,0.3333333333333333,2.33,6.99,3.8635217095287557,4.0,0.0,4.333333333333333,13,7.505553499465135,5.0,,5.0,12.0,,12.0,11.0,,11.0,,
233,Uruguay,3447,13.81606519208382,29.499611327811806,0.13666180758017493,2.9820162460110398,10279.010000000055,3.1799757665010637,34.628952712503626,1.313606034232666,24.83289817232376,85599,145.26445129296064,5.667788057190917,11.618434798797024,6739.0,15.279255319148936,44.93342244964843,17235.0,27.6747311827957,94.07801803559717,30885.0,-56.0201525,-32.8755548
234,Uzbekistan,2746,8.964788732394366,23.733462760349806,0.09532483302975106,1.532876911871825,4209.280000000032,2.1349650925081005,22.687545520757464,0.4461034231609614,11.771667880553533,32325,70.48252075882156,4.781121751025991,9.495274922993994,3495.0,12.94627383015598,53.4887600876073,7470.0,19.96815286624204,63.00845950972294,12540.0,63.9528098,41.32373
235,Vanuatu,30,4.636363636363637,7.419875029577348,0.1,1.1923333333333335,35.77,1.720292042835657,14.266666666666667,1.4666666666666666,23.733333333333334,712,63.28585031880913,8.083333333333334,14.437692672202497,97.0,9.777777777777779,12.497777580211789,88.0,23.363636363636363,31.366455736256615,257.0,168.1069154,-16.5255069
236,"Venezuela, Bolivarian Republic of",6695,18.304078471863708,35.47585241012885,0.12440695835529784,1.4332591486183932,9595.670000000142,2.336679808072174,9.433159073935773,0.8371919342793129,8.024794622852875,53726,126.04696643651432,5.35424091233072,13.767141882948293,7512.0,11.023452157598499,97.05347450899724,11751.0,30.27777777777778,381.10574753715133,37060.0,-66.1109318,8.0018709
237,Viet Nam,52598,41.0450915465524,62.41033587568882,0.13476573030678815,1.2686972888702621,66730.93999999805,2.047643947387961,6.548785124909692,0.3630176052321381,7.5100193923723335,395012,114.89232940753348,4.730683781782276,12.420781451927228,38328.0,10.939703301962036,41.06692750566576,68581.0,20.48955431754875,170.5752956818359,147115.0,108.4265113,13.2904027
238,"Virgin Islands, British",17,57.125,28.296579803421977,0.25,0.7899999999999999,13.429999999999998,1.4659212120710987,0.7058823529411765,0.23529411764705882,1.1176470588235294,19,2.8697202159177575,1.8,1.788854381999832,9.0,14.0,,14.0,2.5,2.1213203435596424,5.0,,
239,"Virgin Islands, U.S.",9,10.666666666666666,16.74315780649915,0.2222222222222222,2.7300000000000004,24.570000000000004,3.6217226564164187,0.0,0.0,4.333333333333333,39,12.257650672131263,4.0,,4.0,7.5,9.192388155425117,15.0,7.0,,7.0,-64.75901597858353,17.7289564
240,Wallis and Futuna,1,,,0.0,0.09,0.09,,0.0,0.0,0.0,0,,,,0.0,,,0.0,,,0.0,-176.204224,-13.289402
241,Western Sahara,14,9.75,14.361406616345072,0.0,0.6950000000000001,9.73,1.1653771261500914,1.2142857142857142,0.0,1.5714285714285714,22,3.030975616334316,3.5,0.7071067811865476,7.0,,,0.0,4.0,,4.0,-13.892143025000001,24.16819605
242,Yemen,995,12.871794871794872,48.533361510276386,0.12138728323699421,1.216793969849241,1210.7099999999948,1.904603042436766,9.305527638190954,0.25326633165829143,7.074371859296482,7039,31.099252038376903,4.203703703703703,8.173421769863541,908.0,7.743589743589744,14.95795043527529,1208.0,15.383783783783784,30.254513798281216,2846.0,47.8915271,16.3471243
243,Zambia,1149,13.719101123595506,21.62304644435766,0.18911917098445596,1.1903394255874646,1367.6999999999969,1.9049946655123924,9.320278503046127,0.15317667536988686,4.891209747606615,5620,58.160922088669054,4.2462311557788945,8.580849794677817,845.0,9.992366412213741,49.136935220041515,1309.0,17.25465838509317,69.78030519988303,2778.0,27.5589884,-14.5189121
244,Zimbabwe,2261,13.816806722689076,26.168099167273073,0.1865222623345367,1.394126492702355,3152.1200000000244,1.9699829970766958,3.0601503759398496,0.21804511278195488,4.176912870411322,9444,27.44977098129581,4.134831460674158,11.082198015992795,1840.0,5.034883720930233,8.181181099614557,1732.0,10.27170868347339,23.900580845846175,3667.0,29.7468414,-18.4554963
