"stamp","symbol","open","high","low","close","volume"
"2022-05-26 04:00:00","AAPL","140.53","140.53","139.6","139.96","21263"
"2022-05-26 04:05:00","AAPL","139.88","139.9","139.51","139.7","19146"
"2022-05-26 04:10:00","AAPL","139.66","139.68","139.19","139.19","11904"
"2022-05-26 04:15:00","AAPL","139.04","139.25","138.8","139","21026"
"2022-05-26 04:20:00","AAPL","138.9","139.13","138.59","138.85","12703"
"2022-05-26 04:25:00","AAPL","138.94","138.99","138.5","138.5","10082"
"2022-05-26 04:30:00","AAPL","138.5","138.53","138.44","138.53","8077"
"2022-05-26 04:35:00","AAPL","138.55","138.69","138.45","138.69","7566"
"2022-05-26 04:40:00","AAPL","138.7","138.7","138.66","138.66","696"
"2022-05-26 04:45:00","AAPL","138.7","138.8","138.5","138.5","18042"
"2022-05-26 04:50:00","AAPL","138.41","138.41","138.25","138.32","18877"
"2022-05-26 04:55:00","AAPL","138.36","138.4","138.28","138.28","6865"
"2022-05-26 05:00:00","AAPL","138.32","138.37","138.03","138.19","9408"
"2022-05-26 05:05:00","AAPL","138.2","138.3","138.1","138.3","12239"
"2022-05-26 05:10:00","AAPL","138.4","138.52","138.3","138.35","12074"
"2022-05-26 05:15:00","AAPL","138.35","138.5","138.35","138.4","6275"
"2022-05-26 05:20:00","AAPL","138.45","138.45","138.36","138.45","18153"
"2022-05-26 05:25:00","AAPL","138.49","138.49","138.35","138.35","4587"
"2022-05-26 05:30:00","AAPL","138.39","138.46","138.39","138.46","5178"
"2022-05-26 05:35:00","AAPL","138.5","138.5","138.5","138.5","2134"
"2022-05-26 05:40:00","AAPL","138.49","138.55","138.46","138.55","2513"
"2022-05-26 05:45:00","AAPL","138.58","138.62","138.57","138.62","18134"
"2022-05-26 05:50:00","AAPL","138.62","138.62","138.48","138.5","12152"
"2022-05-26 05:55:00","AAPL","138.53","138.54","138.39","138.43","3693"
"2022-05-26 06:00:00","AAPL","138.41","138.44","138.3","138.4","4011"
"2022-05-26 06:05:00","AAPL","138.4","138.49","138.31","138.49","5708"
"2022-05-26 06:10:00","AAPL","138.5","138.5","138.31","138.32","2559"
"2022-05-26 06:15:00","AAPL","138.39","138.43","138.38","138.38","5893"
"2022-05-26 06:20:00","AAPL","138.39","138.4","138.36","138.4","1197"
"2022-05-26 06:25:00","AAPL","138.4","138.45","138.4","138.4","1605"
"2022-05-26 06:30:00","AAPL","138.44","138.56","138.44","138.56","3503"
"2022-05-26 06:35:00","AAPL","138.57","138.58","138.51","138.51","5936"
"2022-05-26 06:40:00","AAPL","138.55","138.63","138.51","138.55","4987"
"2022-05-26 06:45:00","AAPL","138.59","138.6","138.59","138.6","1275"
"2022-05-26 06:50:00","AAPL","138.65","138.93","138.65","138.91","5559"
"2022-05-26 06:55:00","AAPL","138.91","139.09","138.89","138.9","15223"
"2022-05-26 07:00:00","AAPL","138.89","139.5","138.59","139.49","78088"
"2022-05-26 07:05:00","AAPL","139.44","139.45","139.13","139.19","30716"
"2022-05-26 07:10:00","AAPL","139.15","139.4","139.1","139.37","22555"
"2022-05-26 07:15:00","AAPL","139.35","139.39","139.16","139.26","12199"
"2022-05-26 07:20:00","AAPL","139.25","139.48","139.25","139.46","43342"
"2022-05-26 07:25:00","AAPL","139.47","139.82","139.4","139.64","24281"
"2022-05-26 07:30:00","AAPL","139.6","139.64","139.25","139.25","16829"
"2022-05-26 07:35:00","AAPL","139.23","139.29","139","139.23","26878"
"2022-05-26 07:40:00","AAPL","139.15","139.18","139.03","139.17","20433"
"2022-05-26 07:45:00","AAPL","139.17","139.25","139.1","139.21","12898"
"2022-05-26 07:50:00","AAPL","139.24","139.32","139.01","139.06","23936"
"2022-05-26 07:55:00","AAPL","139.03","139.03","138.85","138.92","33319"
"2022-05-26 08:00:00","AAPL","138.91","138.95","138.67","138.83","76014"
"2022-05-26 08:05:00","AAPL","138.83","139.25","138.7","138.8496","79193"
"2022-05-26 08:10:00","AAPL","138.85","138.92","138.78","138.9","38607"
"2022-05-26 08:15:00","AAPL","138.85","138.92","138.7","138.92","70577"
"2022-05-26 08:20:00","AAPL","138.9099","138.98","138.83","138.89","34533"
"2022-05-26 08:25:00","AAPL","138.93","138.98","138.9","138.9099","14401"
"2022-05-26 08:30:00","AAPL","138.89","139.25","138.55","138.68","156423"
"2022-05-26 08:35:00","AAPL","138.73","138.95","138.5","138.78","83508"
"2022-05-26 08:40:00","AAPL","138.74","138.93","138.65","138.86","65311"
"2022-05-26 08:45:00","AAPL","138.75","138.91","138.46","138.47","70224"
"2022-05-26 08:50:00","AAPL","138.48","139","138.28","138.81","113846"
"2022-05-26 08:55:00","AAPL","138.84","138.84","138.5899","138.68","60026"
"2022-05-26 09:00:00","AAPL","138.65","138.7001","138.45","138.45","129404"
"2022-05-26 09:05:00","AAPL","138.45","138.48","138.11","138.34","218448"
"2022-05-26 09:10:00","AAPL","138.32","138.45","138.27","138.33","59116"
"2022-05-26 09:15:00","AAPL","138.3","138.3","137.71","137.78","301392"
"2022-05-26 09:20:00","AAPL","137.8199","138.23","137.59","137.59","148200"
"2022-05-26 09:25:00","AAPL","137.59","137.97","137.33","137.39","129951"
"2022-05-26 09:30:00","AAPL","137.39","138.9","137.14","138.25","3811853"
"2022-05-26 09:35:00","AAPL","138.25","139.4799","138.1834","139.1277","2223955"
"2022-05-26 09:40:00","AAPL","139.13","139.42","138.84","139.2974","1359653"
"2022-05-26 09:45:00","AAPL","139.31","140.08","139.175","139.915","1793964"
"2022-05-26 09:50:00","AAPL","139.92","140.97","139.83","140.52","1713307"
"2022-05-26 09:55:00","AAPL","140.5","140.7584","140.31","140.615","1198987"
"2022-05-26 10:00:00","AAPL","140.64","141","140.53","140.6","1557186"
"2022-05-26 10:05:00","AAPL","140.59","140.74","140.36","140.59","1286677"
"2022-05-26 10:10:00","AAPL","140.6","140.94","140.401","140.8399","1030110"
"2022-05-26 10:15:00","AAPL","140.83","141.69","140.8","141.69","1694592"
"2022-05-26 10:20:00","AAPL","141.6953","141.7","141.305","141.46","1142271"
"2022-05-26 10:25:00","AAPL","141.46","141.4768","141.02","141.15","978393"
"2022-05-26 10:30:00","AAPL","141.17","141.255","140.84","141.01","974746"
"2022-05-26 10:35:00","AAPL","141","141.34","140.98","141.28","848397"
"2022-05-26 10:40:00","AAPL","141.2507","141.535","137.4","141.43","1872602"
"2022-05-26 10:45:00","AAPL","141.43","141.69","141.285","141.69","800185"
"2022-05-26 10:50:00","AAPL","141.69","141.97","141.515","141.6359","957294"
"2022-05-26 10:55:00","AAPL","141.64","141.9","141.51","141.8701","732369"
"2022-05-26 11:00:00","AAPL","141.87","142.79","141.79","142.745","1650435"
"2022-05-26 11:05:00","AAPL","142.7","142.77","142.39","142.4699","969696"
"2022-05-26 11:10:00","AAPL","142.4501","142.79","142.4","142.7813","848435"
"2022-05-26 11:15:00","AAPL","142.79","143.03","142.74","142.94","1099211"
"2022-05-26 11:20:00","AAPL","142.93","143.11","142.64","142.68","997870"
"2022-05-26 11:25:00","AAPL","142.68","142.74","142.45","142.525","711113"
"2022-05-26 11:30:00","AAPL","142.535","142.79","142.395","142.4","769144"
"2022-05-26 11:35:00","AAPL","142.401","142.77","142.31","142.7089","861204"
"2022-05-26 11:40:00","AAPL","142.71","142.97","142.57","142.97","723787"
"2022-05-26 11:45:00","AAPL","142.98","143.0101","142.5","142.635","744411"
"2022-05-26 11:50:00","AAPL","142.63","142.91","142.54","142.86","631155"
"2022-05-26 11:55:00","AAPL","142.865","143.09","142.84","142.96","769155"
"2022-05-26 12:00:00","AAPL","142.96","143.24","142.82","143.17","943630"
"2022-05-26 12:05:00","AAPL","143.17","143.26","143.05","143.14","621804"
"2022-05-26 12:10:00","AAPL","143.1399","143.71","143.13","143.6899","1192370"
"2022-05-26 12:15:00","AAPL","143.68","143.99","143.54","143.98","1046924"
"2022-05-26 12:20:00","AAPL","143.985","144.336","143.985","144.17","1496612"
"2022-05-26 12:25:00","AAPL","144.17","144.18","143.88","143.9842","921172"
"2022-05-26 12:30:00","AAPL","143.985","144.12","143.8","143.8706","743880"
"2022-05-26 12:35:00","AAPL","143.8799","143.969","143.76","143.94","531043"
"2022-05-26 12:40:00","AAPL","143.94","143.97","143.62","143.635","591103"
"2022-05-26 12:45:00","AAPL","143.63","143.89","143.56","143.8335","626340"
"2022-05-26 12:50:00","AAPL","143.83","143.955","143.8","143.8956","521867"
"2022-05-26 12:55:00","AAPL","143.9","144.1596","143.84","144.01","776314"
"2022-05-26 13:00:00","AAPL","144","144.17","143.93","144.095","568610"
"2022-05-26 13:05:00","AAPL","144.092","144.24","144.03","144.24","481882"
"2022-05-26 13:10:00","AAPL","144.25","144.33","143.815","143.93","795163"
"2022-05-26 13:15:00","AAPL","143.93","143.95","143.69","143.7821","633389"
"2022-05-26 13:20:00","AAPL","143.7815","143.87","143.46","143.535","663138"
"2022-05-26 13:25:00","AAPL","143.54","143.6811","143.405","143.465","604623"
"2022-05-26 13:30:00","AAPL","143.47","143.68","143.425","143.625","497095"
"2022-05-26 13:35:00","AAPL","143.62","143.62","143.38","143.4599","551316"
"2022-05-26 13:40:00","AAPL","143.48","143.62","143.38","143.545","549166"
"2022-05-26 13:45:00","AAPL","143.5496","143.8599","143.5101","143.74","675000"
"2022-05-26 13:50:00","AAPL","143.74","143.82","143.655","143.7","527009"
"2022-05-26 13:55:00","AAPL","143.699","143.8583","143.5101","143.78","672380"
"2022-05-26 14:00:00","AAPL","143.77","143.8","143.6","143.741","546046"
"2022-05-26 14:05:00","AAPL","143.75","143.7799","143.44","143.6419","603834"
"2022-05-26 14:10:00","AAPL","143.645","143.76","143.535","143.685","437320"
"2022-05-26 14:15:00","AAPL","143.675","143.8489","143.61","143.6362","528568"
"2022-05-26 14:20:00","AAPL","143.64","144.06","143.615","144.05","774030"
"2022-05-26 14:25:00","AAPL","144.0501","144.06","143.79","143.825","608405"
"2022-05-26 14:30:00","AAPL","143.83","143.89","143.75","143.79","442367"
"2022-05-26 14:35:00","AAPL","143.79","143.8368","143.575","143.75","640521"
"2022-05-26 14:40:00","AAPL","143.74","143.84","143.55","143.8001","580687"
"2022-05-26 14:45:00","AAPL","143.805","143.91","143.71","143.805","459076"
"2022-05-26 14:50:00","AAPL","143.8042","143.89","143.66","143.7385","528166"
"2022-05-26 14:55:00","AAPL","143.7327","143.95","143.7","143.9001","686212"
"2022-05-26 15:00:00","AAPL","143.9099","143.95","143.564","143.75","690750"
"2022-05-26 15:05:00","AAPL","143.76","143.98","143.701","143.94","542601"
"2022-05-26 15:10:00","AAPL","143.95","143.9763","143.74","143.8567","599418"
"2022-05-26 15:15:00","AAPL","143.86","143.8876","143.06","143.405","1373961"
"2022-05-26 15:20:00","AAPL","143.42","143.46","143.1","143.28","915664"
"2022-05-26 15:25:00","AAPL","143.29","143.39","143.115","143.2","1020789"
"2022-05-26 15:30:00","AAPL","143.19","143.38","143.12","143.32","887001"
"2022-05-26 15:35:00","AAPL","143.31","143.59","143.22","143.565","1011090"
"2022-05-26 15:40:00","AAPL","143.56","143.94","143.525","143.9289","939284"
"2022-05-26 15:45:00","AAPL","143.93","144.19","143.76","144.1799","1597368"
"2022-05-26 15:50:00","AAPL","144.18","144.34","143.81","144.015","2558089"
"2022-05-26 15:55:00","AAPL","144.02","144.1","143.66","143.75","3726595"
"2022-05-26 16:00:00","AAPL","143.74","143.82","143.52","143.54","9823455"
"2022-05-26 16:05:00","AAPL","143.5367","143.78","143.52","143.6","591619"
"2022-05-26 16:10:00","AAPL","143.63","143.78","143.553","143.64","46204"
"2022-05-26 16:15:00","AAPL","143.78","143.78","143.51","143.5989","15194"
"2022-05-26 16:20:00","AAPL","143.5699","143.59","143.52","143.55","7508"
"2022-05-26 16:25:00","AAPL","143.56","143.6","143.54","143.5506","21022"
"2022-05-26 16:30:00","AAPL","143.78","143.78","143.6","143.6","314964"
"2022-05-26 16:35:00","AAPL","143.63","143.65","143.6","143.63","5391"
"2022-05-26 16:40:00","AAPL","143.78","143.78","143.5613","143.63","44223"
"2022-05-26 16:45:00","AAPL","143.63","143.6389","143.52","143.52","4845"
"2022-05-26 16:50:00","AAPL","143.58","143.64","143.54","143.58","5131"
"2022-05-26 16:55:00","AAPL","143.6394","143.64","143.57","143.58","5657"
"2022-05-26 17:00:00","AAPL","143.78","143.78","143.55","143.5507","20834"
"2022-05-26 17:05:00","AAPL","143.6","143.69","143.6","143.69","3748"
"2022-05-26 17:10:00","AAPL","143.64","143.65","143.57","143.6","6833"
"2022-05-26 17:15:00","AAPL","143.59","143.59","143.56","143.57","2266"
"2022-05-26 17:20:00","AAPL","143.6","143.65","143.6","143.64","2510"
"2022-05-26 17:25:00","AAPL","143.67","143.67","143.61","143.64","2592"
"2022-05-26 17:30:00","AAPL","143.64","143.64","143.64","143.64","600"
"2022-05-26 17:35:00","AAPL","143.64","143.67","143.64","143.67","1617"
"2022-05-26 17:40:00","AAPL","143.67","143.69","143.67","143.67","7731"
"2022-05-26 17:45:00","AAPL","143.6739","143.6739","143.65","143.65","394"
"2022-05-26 17:50:00","AAPL","143.66","143.69","143.65","143.65","3490"
"2022-05-26 17:55:00","AAPL","143.65","143.65","143.64","143.64","1148"
"2022-05-26 18:00:00","AAPL","143.62","143.74","143.6","143.74","7399"
"2022-05-26 18:05:00","AAPL","143.68","143.74","143.68","143.7","2315"
"2022-05-26 18:10:00","AAPL","143.7","143.77","143.7","143.77","1931"
"2022-05-26 18:15:00","AAPL","143.7501","143.9","143.7501","143.85","4000"
"2022-05-26 18:20:00","AAPL","143.84","143.97","143.84","143.93","7868"
"2022-05-26 18:25:00","AAPL","143.88","143.88","143.75","143.8","7536"
"2022-05-26 18:30:00","AAPL","143.84","143.88","143.81","143.81","2073"
"2022-05-26 18:35:00","AAPL","143.81","143.88","143.74","143.77","3522"
"2022-05-26 18:40:00","AAPL","143.78","143.8799","143.78","143.86","4874"
"2022-05-26 18:45:00","AAPL","143.83","143.83","143.72","143.72","3955"
"2022-05-26 18:50:00","AAPL","143.81","143.85","143.77","143.81","2232"
"2022-05-26 18:55:00","AAPL","143.86","143.86","143.8","143.8","1952"
"2022-05-26 19:00:00","AAPL","143.83","143.83","143.8","143.83","2920"
"2022-05-26 19:05:00","AAPL","143.84","143.87","143.84","143.85","6342"
"2022-05-26 19:10:00","AAPL","143.84","143.87","143.84","143.87","3395"
"2022-05-26 19:15:00","AAPL","143.88","143.88","143.88","143.88","227"
"2022-05-26 19:20:00","AAPL","143.87","143.87","143.76","143.82","4969"
"2022-05-26 19:25:00","AAPL","143.8","143.82","143.8","143.82","952"
"2022-05-26 19:30:00","AAPL","143.83","143.83","143.79","143.79","1614"
"2022-05-26 19:35:00","AAPL","143.85","143.86","143.85","143.86","3253"
"2022-05-26 19:40:00","AAPL","143.9","144","143.9","143.98","11408"
"2022-05-26 19:45:00","AAPL","144","144.03","143.97","144","10046"
"2022-05-26 19:50:00","AAPL","144","144.01","143.9","143.98","6230"
"2022-05-26 19:55:00","AAPL","143.98","144.15","143.98","144.14","6116"
"2022-05-27 04:00:00","AAPL","143.99","143.99","143","143.12","10627"
"2022-05-27 04:05:00","AAPL","143.17","143.32","143.17","143.26","2870"
"2022-05-27 04:10:00","AAPL","143.4","143.5","143.38","143.5","2772"
"2022-05-27 04:15:00","AAPL","143.64","143.64","143.64","143.64","739"
"2022-05-27 04:20:00","AAPL","143.7","143.8","143.63","143.8","1195"
"2022-05-27 04:25:00","AAPL","143.83","143.91","143.81","143.81","3707"
"2022-05-27 04:30:00","AAPL","143.9","144.24","143.9","144.02","11005"
"2022-05-27 04:35:00","AAPL","144.11","144.11","144.02","144.1","3014"
"2022-05-27 04:40:00","AAPL","144.07","144.16","143.96","143.96","3492"
"2022-05-27 04:45:00","AAPL","143.91","143.98","143.91","143.93","2524"
"2022-05-27 04:50:00","AAPL","143.91","143.91","143.87","143.87","1041"
"2022-05-27 04:55:00","AAPL","144.03","144.06","144.03","144.06","1212"
"2022-05-27 05:00:00","AAPL","144","144","143.9","143.92","3047"
"2022-05-27 05:10:00","AAPL","143.91","143.91","143.85","143.85","1273"
"2022-05-27 05:20:00","AAPL","143.98","143.98","143.97","143.97","720"
"2022-05-27 05:25:00","AAPL","143.94","143.97","143.94","143.97","762"
"2022-05-27 05:30:00","AAPL","144.05","144.05","144.03","144.03","697"
"2022-05-27 05:35:00","AAPL","144.01","144.05","144.01","144.05","1313"
"2022-05-27 05:40:00","AAPL","144.1","144.28","144.1","144.17","5710"
"2022-05-27 05:45:00","AAPL","144.14","144.14","144.14","144.14","201"
"2022-05-27 05:50:00","AAPL","144.14","144.29","144.14","144.29","4344"
"2022-05-27 05:55:00","AAPL","144.3","144.45","144.29","144.4","11143"
"2022-05-27 06:00:00","AAPL","144.35","144.35","144.01","144.01","5444"
"2022-05-27 06:05:00","AAPL","144.09","144.1","143.98","143.98","4773"
"2022-05-27 06:10:00","AAPL","143.99","144.17","143.99","144.17","3000"
"2022-05-27 06:15:00","AAPL","144.28","144.28","144.28","144.28","505"
"2022-05-27 06:20:00","AAPL","144.16","144.2","144.1","144.1","2646"
"2022-05-27 06:25:00","AAPL","144.19","144.19","144.19","144.19","166"
"2022-05-27 06:30:00","AAPL","144.13","144.13","144.1","144.1","1108"
"2022-05-27 06:35:00","AAPL","144.13","144.14","144","144.06","4922"
"2022-05-27 06:40:00","AAPL","144.1","144.14","144.1","144.1","905"
"2022-05-27 06:45:00","AAPL","144.1","144.2","144.1","144.19","2752"
"2022-05-27 06:50:00","AAPL","144.02","144.08","143.97","144.08","5590"
"2022-05-27 06:55:00","AAPL","144.19","144.29","144.16","144.29","2424"
"2022-05-27 07:00:00","AAPL","144.18","144.3","144.15","144.15","17204"
"2022-05-27 07:05:00","AAPL","144.17","144.2","144.13","144.19","10437"
"2022-05-27 07:10:00","AAPL","144.18","144.21","144.16","144.16","3056"
"2022-05-27 07:15:00","AAPL","144.23","144.29","143.93","143.95","12460"
"2022-05-27 07:20:00","AAPL","143.96","144.07","143.95","144.07","8305"
"2022-05-27 07:25:00","AAPL","144.01","144.1","143.95","144.02","6042"
"2022-05-27 07:30:00","AAPL","144","144.02","144","144.02","1449"
"2022-05-27 07:35:00","AAPL","144","144.03","143.97","144.03","7969"
"2022-05-27 07:40:00","AAPL","144.01","144.14","144.01","144.14","4426"
"2022-05-27 07:45:00","AAPL","144.16","144.17","144","144","5757"
"2022-05-27 07:50:00","AAPL","143.98","143.98","143.79","143.82","14975"
"2022-05-27 07:55:00","AAPL","143.8","143.81","143.65","143.65","15944"
"2022-05-27 08:00:00","AAPL","143.75","144.03","143.67","144.0009","71067"
"2022-05-27 08:05:00","AAPL","144.01","144.45","144.01","144.3","67263"
"2022-05-27 08:10:00","AAPL","144.25","144.399","144.17","144.22","28334"
"2022-05-27 08:15:00","AAPL","144.17","144.17","144","144.08","29946"
"2022-05-27 08:20:00","AAPL","144.1","144.25","144.0793","144.2","33254"
"2022-05-27 08:25:00","AAPL","144.2","144.2199","144.03","144.0999","15231"
"2022-05-27 08:30:00","AAPL","144.02","144.7","143.81","144.3","143012"
"2022-05-27 08:35:00","AAPL","144.385","145.0499","144.35","145.01","183651"
"2022-05-27 08:40:00","AAPL","145.05","145.13","144.88","145.02","110277"
"2022-05-27 08:45:00","AAPL","144.9999","145.58","144.99","145.45","166262"
"2022-05-27 08:50:00","AAPL","145.46","145.48","145.1259","145.3399","83921"
"2022-05-27 08:55:00","AAPL","145.28","145.4","145.15","145.36","70129"
"2022-05-27 09:00:00","AAPL","145.39","145.65","145.35","145.39","172003"
"2022-05-27 09:05:00","AAPL","145.42","145.53","145.23","145.29","86996"
"2022-05-27 09:10:00","AAPL","145.2201","145.47","145.2201","145.32","45404"
"2022-05-27 09:15:00","AAPL","145.32","145.48","145.14","145.2","92973"
"2022-05-27 09:20:00","AAPL","145.2","145.39","145.02","145.1","105517"
"2022-05-27 09:25:00","AAPL","145.11","145.38","145","145.38","81681"
"2022-05-27 09:30:00","AAPL","145.39","146.23","145.26","145.79","3665963"
"2022-05-27 09:35:00","AAPL","145.79","146.6","145.79","146.4578","2176114"
"2022-05-27 09:40:00","AAPL","146.459","146.66","145.31","145.9601","2225092"
"2022-05-27 09:45:00","AAPL","145.97","147.11","145.94","146.9624","2497077"
"2022-05-27 09:50:00","AAPL","146.97","147.045","146.5","146.77","1883125"
"2022-05-27 09:55:00","AAPL","146.76","147.32","146.725","147.06","1487634"
"2022-05-27 10:00:00","AAPL","147.05","147.8","146.92","147.558","1981761"
"2022-05-27 10:05:00","AAPL","147.54","147.7349","147.29","147.62","1601310"
"2022-05-27 10:10:00","AAPL","147.61","148.405","147.57","148.295","2152161"
"2022-05-27 10:15:00","AAPL","148.2982","148.66","148.13","148.485","1739421"
"2022-05-27 10:20:00","AAPL","148.48","148.52","148.15","148.245","1412109"
"2022-05-27 10:25:00","AAPL","148.26","148.41","147.86","147.911","1204682"
"2022-05-27 10:30:00","AAPL","147.93","148.25","147.8","148.2428","1341160"
"2022-05-27 10:35:00","AAPL","148.25","148.4566","148.07","148.1277","906522"
"2022-05-27 10:40:00","AAPL","148.12","148.15","147.77","147.85","907880"
"2022-05-27 10:45:00","AAPL","147.85","147.9","147.47","147.87","1089353"
"2022-05-27 10:50:00","AAPL","147.87","147.95","147.6701","147.84","679833"
"2022-05-27 10:55:00","AAPL","147.8476","147.92","147.34","147.43","1142339"
"2022-05-27 11:00:00","AAPL","147.44","147.63","147.25","147.4301","898492"
"2022-05-27 11:05:00","AAPL","147.44","147.8261","147.39","147.72","816797"
"2022-05-27 11:10:00","AAPL","147.72","148.04","147.65","147.97","758391"
"2022-05-27 11:15:00","AAPL","147.965","148.1651","147.89","148.1096","679528"
"2022-05-27 11:20:00","AAPL","148.11","148.33","148.07","148.26","678924"
"2022-05-27 11:25:00","AAPL","148.27","148.33","148.11","148.285","858915"
"2022-05-27 11:30:00","AAPL","148.295","148.48","148.25","148.4188","738224"
"2022-05-27 11:35:00","AAPL","148.41","148.4162","148.14","148.3399","828357"
"2022-05-27 11:40:00","AAPL","148.34","148.61","148.305","148.52","1054499"
"2022-05-27 11:45:00","AAPL","148.52","148.7","148.495","148.535","889672"
"2022-05-27 11:50:00","AAPL","148.52","148.65","148.46","148.545","663287"
"2022-05-27 11:55:00","AAPL","148.55","148.61","148.41","148.5931","502203"
"2022-05-27 12:00:00","AAPL","148.6","148.83","148.59","148.745","911787"
"2022-05-27 12:05:00","AAPL","148.75","148.8","148.6","148.66","541568"
"2022-05-27 12:10:00","AAPL","148.66","148.76","148.5549","148.645","596472"
"2022-05-27 12:15:00","AAPL","148.65","148.65","148.1546","148.275","1125170"
"2022-05-27 12:20:00","AAPL","148.28","148.33","147.95","148.005","872820"
"2022-05-27 12:25:00","AAPL","148.0017","148.2799","147.99","148.16","630196"
"2022-05-27 12:30:00","AAPL","148.16","148.42","148.09","148.28","510624"
"2022-05-27 12:35:00","AAPL","148.28","148.33","148.07","148.22","494564"
"2022-05-27 12:40:00","AAPL","148.22","148.4095","148.21","148.265","515613"
"2022-05-27 12:45:00","AAPL","148.265","148.3","148.1","148.1","431703"
"2022-05-27 12:50:00","AAPL","148.105","148.38","148.03","148.29","1095326"
"2022-05-27 12:55:00","AAPL","148.295","148.43","148.285","148.32","431389"
"2022-05-27 13:00:00","AAPL","148.31","148.49","148.26","148.443","484394"
"2022-05-27 13:05:00","AAPL","148.45","148.5","148.31","148.395","561787"
"2022-05-27 13:10:00","AAPL","148.39","148.5","148.31","148.49","378086"
"2022-05-27 13:15:00","AAPL","148.49","148.62","148.43","148.595","456908"
"2022-05-27 13:20:00","AAPL","148.6","148.71","148.5202","148.63","562448"
"2022-05-27 13:25:00","AAPL","148.635","148.65","148.46","148.52","545105"
"2022-05-27 13:30:00","AAPL","148.53","148.64","148.39","148.41","414832"
"2022-05-27 13:35:00","AAPL","148.4033","148.52","148.325","148.375","420999"
"2022-05-27 13:40:00","AAPL","148.3701","148.3701","148.16","148.18","634249"
"2022-05-27 13:45:00","AAPL","148.195","148.28","148.08","148.135","479306"
"2022-05-27 13:50:00","AAPL","148.1245","148.25","148.06","148.21","494127"
"2022-05-27 13:55:00","AAPL","148.2","148.3","148.105","148.295","375997"
"2022-05-27 14:00:00","AAPL","148.3","148.48","148.18","148.425","493394"
"2022-05-27 14:05:00","AAPL","148.425","148.5","148.28","148.5","406604"
"2022-05-27 14:10:00","AAPL","148.4997","148.57","148.46","148.48","450173"
"2022-05-27 14:15:00","AAPL","148.485","148.55","148.41","148.53","502379"
"2022-05-27 14:20:00","AAPL","148.5369","148.63","148.49","148.6201","410587"
"2022-05-27 14:25:00","AAPL","148.6201","148.65","148.4118","148.485","446741"
"2022-05-27 14:30:00","AAPL","148.485","148.51","148.36","148.4901","458630"
"2022-05-27 14:35:00","AAPL","148.4917","148.7","148.43","148.59","547415"
"2022-05-27 14:40:00","AAPL","148.6","148.72","148.44","148.6799","614053"
"2022-05-27 14:45:00","AAPL","148.68","148.78","148.62","148.7","412150"
"2022-05-27 14:50:00","AAPL","148.705","148.8","148.57","148.62","453748"
"2022-05-27 14:55:00","AAPL","148.615","148.85","148.59","148.765","736030"
"2022-05-27 15:00:00","AAPL","148.765","148.82","148.56","148.744","755432"
"2022-05-27 15:05:00","AAPL","148.745","149.07","148.745","149.06","1263651"
"2022-05-27 15:10:00","AAPL","149.06","149.19","148.99","149.03","1168230"
"2022-05-27 15:15:00","AAPL","149.035","149.05","148.8128","149.01","936725"
"2022-05-27 15:20:00","AAPL","149.01","149.09","148.95","149.09","650183"
"2022-05-27 15:25:00","AAPL","149.0885","149.19","149.01","149.03","1029628"
"2022-05-27 15:30:00","AAPL","149.02","149.24","148.84","148.85","1392667"
"2022-05-27 15:35:00","AAPL","148.86","148.94","148.75","148.895","1258911"
"2022-05-27 15:40:00","AAPL","148.895","149.13","148.83","149.045","1204497"
"2022-05-27 15:45:00","AAPL","149.0425","149.06","148.75","148.89","1222881"
"2022-05-27 15:50:00","AAPL","148.89","149.31","148.64","149.16","2576734"
"2022-05-27 15:55:00","AAPL","149.15","149.68","149.025","149.65","4602345"
"2022-05-27 16:00:00","AAPL","149.64","149.8","149.5","149.5004","10690439"
"2022-05-27 16:05:00","AAPL","149.5","149.64","149.48","149.59","282312"
"2022-05-27 16:10:00","AAPL","149.6","149.66","149.56","149.61","123803"
"2022-05-27 16:15:00","AAPL","149.6","149.69","149.58","149.69","43841"
"2022-05-27 16:20:00","AAPL","149.66","149.69","149.63","149.6712","14532"
"2022-05-27 16:25:00","AAPL","149.67","149.8","149.66","149.78","18550"
"2022-05-27 16:30:00","AAPL","149.71","149.8599","149.71","149.84","16843"
"2022-05-27 16:35:00","AAPL","149.86","149.95","149.84","149.92","25983"
"2022-05-27 16:40:00","AAPL","149.9201","149.95","149.64","149.88","35001"
"2022-05-27 16:45:00","AAPL","149.8917","149.9097","149.83","149.85","15193"
"2022-05-27 16:50:00","AAPL","149.84","149.91","149.83","149.91","11158"
"2022-05-27 16:55:00","AAPL","149.85","149.93","149.85","149.93","6745"
"2022-05-27 17:00:00","AAPL","149.92","149.95","149.64","149.89","39110"
"2022-05-27 17:05:00","AAPL","149.8999","149.94","149.86","149.8989","6653"
"2022-05-27 17:10:00","AAPL","149.87","149.94","149.64","149.88","89534"
"2022-05-27 17:15:00","AAPL","149.8701","149.9052","149.7901","149.8","21586"
"2022-05-27 17:20:00","AAPL","149.79","149.8","149.78","149.78","8781"
"2022-05-27 17:25:00","AAPL","149.8","149.8","149.7705","149.79","9062"
"2022-05-27 17:30:00","AAPL","149.79","149.86","149.78","149.788","10923"
"2022-05-27 17:35:00","AAPL","149.8","149.8","149.7801","149.8","5476"
"2022-05-27 17:40:00","AAPL","149.8","149.8","149.7734","149.79","2087"
"2022-05-27 17:45:00","AAPL","149.8","149.8","149.79","149.7999","11926"
"2022-05-27 17:50:00","AAPL","149.79","149.84","149.79","149.84","7205"
"2022-05-27 17:55:00","AAPL","149.8","149.85","149.8","149.85","2860"
"2022-05-27 18:00:00","AAPL","149.8301","149.84","149.8301","149.84","1468"
"2022-05-27 18:05:00","AAPL","149.84","149.84","149.8","149.81","1680"
"2022-05-27 18:10:00","AAPL","149.85","149.88","149.84","149.88","3396"
"2022-05-27 18:15:00","AAPL","149.9","149.9","149.85","149.85","1717"
"2022-05-27 18:20:00","AAPL","149.84","149.88","149.83","149.88","4396"
"2022-05-27 18:25:00","AAPL","149.88","149.9","149.88","149.88","2865"
"2022-05-27 18:30:00","AAPL","149.87","149.89","149.87","149.89","868"
"2022-05-27 18:35:00","AAPL","149.88","149.94","149.87","149.9101","2643"
"2022-05-27 18:40:00","AAPL","149.93","149.95","149.9","149.94","4148"
"2022-05-27 18:45:00","AAPL","149.94","150","149.94","150","10669"
"2022-05-27 18:50:00","AAPL","149.98","150","149.97","149.97","7970"
"2022-05-27 18:55:00","AAPL","149.99","150","149.97","149.99","8362"
"2022-05-27 19:00:00","AAPL","149.99","150","149.99","149.99","2731"
"2022-05-27 19:05:00","AAPL","149.99","150","149.97","149.99","5507"
"2022-05-27 19:10:00","AAPL","150","150","149.98","149.99","6429"
"2022-05-27 19:15:00","AAPL","150","150","149.98","149.98","3953"
"2022-05-27 19:20:00","AAPL","149.9899","150","149.98","149.99","2964"
"2022-05-27 19:25:00","AAPL","150","150","149.97","149.98","17969"
"2022-05-27 19:30:00","AAPL","149.99","149.99","149.98","149.99","9901"
"2022-05-27 19:35:00","AAPL","149.99","150","149.97","149.98","6252"
"2022-05-27 19:40:00","AAPL","149.99","150","149.99","150","9050"
"2022-05-27 19:45:00","AAPL","150","150","149.98","150","13135"
"2022-05-27 19:50:00","AAPL","150","150","149.99","150","14791"
"2022-05-27 19:55:00","AAPL","149.99","150","149.99","150","42100"
