stamp,ISA_9,ISB_26,ITS_9,IKS_26,ICS_26,symbol
2022-05-17 10:07:00,98.81,98.75,99.28005,99.38,,AAPL
2022-05-17 10:07:00,148.69,148.495,147.8503,148.25025,,AAPL
2022-05-17 10:05:00,98.215,98.155,99.28005,99.38,,AAPL
2022-05-17 10:05:00,148.69,148.495,147.975,148.37495,,AAPL
2022-05-17 10:04:00,148.69,148.495,147.975,148.37495,,AAPL
2022-05-17 10:03:00,148.69,148.495,147.87495,148.37495,,AAPL
2022-05-17 10:01:00,98.155,98.09,98.97,98.945,,AAPL
2022-05-17 10:01:00,148.70749999999998,148.47,147.87495,148.37495,,AAPL
2022-05-17 10:00:00,148.70749999999998,148.47,147.91505,148.37495,,AAPL
2022-05-17 09:59:00,148.70749999999998,148.47,147.95499999999998,148.39999999999998,,AAPL
2022-05-17 09:57:00,98.07,98.03,99.095,98.945,,AAPL
2022-05-17 09:57:00,148.54,148.305,147.995,148.525,,AAPL
2022-05-17 09:56:00,148.54,148.305,147.995,148.525,,AAPL
2022-05-17 09:55:00,148.44,148.20499999999998,148.15,148.525,,AAPL
2022-05-17 09:53:00,148.332525,148.125,148.37505,148.60005,,AAPL
2022-05-17 09:53:00,97.6725,97.64,99.08,98.945,,AAPL
2022-05-17 09:52:00,148.21249999999998,148.015,148.42005,148.60005,,AAPL
2022-05-17 09:51:00,148.21249999999998,148.015,148.49,148.60005,,AAPL
2022-05-17 09:49:00,97.47,97.33,99.38,98.875,,AAPL
2022-05-17 09:49:00,148.13,147.94,148.49,148.60005,,AAPL
2022-05-17 09:48:00,148.1225,147.94,148.49,148.60005,,AAPL
2022-05-17 09:47:00,148.1225,147.95499999999998,148.55245000000002,148.66250000000002,,AAPL
2022-05-17 09:46:00,148.11,147.95499999999998,148.70995,148.70499999999998,,AAPL
2022-05-17 09:44:00,148.08499999999998,147.95499999999998,148.62495,148.66505,,AAPL
2022-05-17 09:44:00,97.465,97.33,98.945,98.86,,AAPL
2022-05-17 09:43:00,148.08499999999998,147.95499999999998,148.62495,148.64499999999998,,AAPL
2022-05-17 09:42:00,148.08499999999998,147.95499999999998,148.64999999999998,148.64499999999998,147.43,AAPL
2022-05-17 09:40:00,97.47749999999999,97.33,98.67500000000001,98.575,99.33,AAPL
2022-05-17 09:40:00,148.04500000000002,147.95499999999998,148.735,148.64499999999998,147.63,AAPL
2022-05-17 09:39:00,148.04500000000002,147.95499999999998,148.735,148.64499999999998,147.885,AAPL
2022-05-17 09:38:00,148.04500000000002,147.95499999999998,148.735,148.64499999999998,148.02,AAPL
2022-05-17 09:36:00,97.53,97.33,98.2,98.09,99.45,AAPL
2022-05-17 09:36:00,148.0275,147.95499999999998,148.735,148.64499999999998,147.9324,AAPL
2022-05-17 09:35:00,148.015,147.95499999999998,148.76999999999998,148.64499999999998,147.7643,AAPL
2022-05-17 09:34:00,148.015,147.95499999999998,148.76999999999998,148.64499999999998,147.91,AAPL
2022-05-17 09:32:00,97.52250000000001,97.33,98.09,98.05,98.72,AAPL
2022-05-17 09:32:00,147.977525,147.95499999999998,148.57,148.51,147.77,AAPL
2022-05-17 09:31:00,147.97000000000003,147.95499999999998,148.57,148.51,147.9664,AAPL
2022-05-16 18:28:00,145.13,145.3,145.44,145.325,145.62,AAPL
2022-05-16 18:27:00,722.93535,723.1989,724.025,723.65,724.37,AAPL
2022-05-16 18:27:00,145.147525,145.3,145.44,145.325,145.61,AAPL
2022-05-16 18:26:00,105.05,105.32,105.09,105.095,107.0,AAPL
2022-05-16 18:26:00,145.156825,145.3,145.43,145.315,145.62,AAPL
2022-05-16 18:26:00,94.16120000000001,94.155,94.215,94.145,94.26,AAPL
2022-05-16 18:26:00,722.9069499999999,723.1989,724.025,723.575,724.99,AAPL
2022-05-16 18:25:00,722.9069499999999,723.1989,724.025,723.575,724.61,AAPL
2022-05-16 18:25:00,145.16182500000002,145.3,145.39495,145.30995000000001,145.6,AAPL
2022-05-16 18:24:00,47.879999999999995,47.775,48.370000000000005,48.41,48.6,AAPL
2022-05-16 18:24:00,145.16182500000002,145.3,145.36,145.26999999999998,145.6,AAPL
2022-05-16 18:23:00,124.21000000000001,124.115,124.31,124.225,124.5,AAPL
2022-05-16 18:23:00,94.1637,94.155,94.185,94.145,94.26,AAPL
2022-05-16 18:23:00,145.167525,145.3,145.36,145.26,145.58,AAPL
2022-05-16 18:22:00,94.16120000000001,94.155,94.185,94.145,94.26,AAPL
2022-05-16 18:22:00,145.167525,145.3,145.36,145.24605,145.6,AAPL
2022-05-16 18:22:00,722.925825,723.1989,723.9649999999999,723.575,724.61,AAPL
2022-05-16 18:22:00,47.8775,47.775,48.370000000000005,48.41,48.6,AAPL
2022-05-16 18:20:00,145.16750000000002,145.3,145.36,145.245,145.55,AAPL
2022-05-16 18:19:00,105.0675,105.3265,105.08500000000001,105.095,106.9,AAPL
2022-05-16 18:19:00,47.875,47.775,48.18,48.405,48.5,AAPL
2022-05-16 18:19:00,145.16750000000002,145.3,145.36,145.245,145.55,AAPL
2022-05-16 18:17:00,47.875,47.775,48.25,48.405,48.6,AAPL
2022-05-16 18:17:00,145.16750000000002,145.3,145.36,145.245,145.63,AAPL
2022-05-16 18:16:00,47.8825,47.775,48.25,48.405,48.46,AAPL
2022-05-16 18:16:00,94.16120000000001,94.155,94.175,94.145,94.22,AAPL
2022-05-16 18:16:00,145.16750000000002,145.3,145.35,145.24005,145.55,AAPL
2022-05-16 18:15:00,145.16750000000002,145.3,145.315,145.24005,145.53,AAPL
2022-05-16 18:15:00,722.88195,723.2638999999999,723.75,723.55,724.43,AAPL
2022-05-16 18:15:00,43.23975,43.429249999999996,43.409949999999995,43.41,44.0,AAPL
2022-05-16 18:15:00,47.91,47.775,48.315,48.405,48.6,AAPL
2022-05-16 18:14:00,94.16120000000001,94.15,94.175,94.145,94.26,AAPL
2022-05-16 18:14:00,145.16750000000002,145.3,145.315,145.24005,145.55,AAPL
2022-05-16 18:14:00,723.0994499999999,723.4539,723.5,723.3,724.7,AAPL
2022-05-16 18:14:00,47.91,47.775,48.315,48.405,48.5,AAPL
2022-05-16 18:10:00,105.0675,105.36,105.095,105.09,106.48,AAPL
2022-05-16 18:10:00,47.825,47.775,48.565,48.39,48.6,AAPL
2022-05-16 18:10:00,94.1625,94.15,94.155,94.1374,94.24,AAPL
2022-05-16 18:10:00,145.16750000000002,145.3,145.31,145.24005,145.62,AAPL
2022-05-16 18:07:00,723.094425,723.4639,723.425,723.225,724.1,AAPL
2022-05-16 18:07:00,105.1,105.52,105.095,105.09,106.36,AAPL
2022-05-16 18:07:00,47.815,47.775,48.730000000000004,48.39,48.5999,AAPL
2022-05-16 18:07:00,94.1625,94.15,94.155,94.1374,94.24,AAPL
2022-05-16 18:07:00,145.16747500000002,145.3,145.31,145.24005,145.58,AAPL
2022-05-16 18:06:00,722.9744499999999,723.4639,723.425,723.225,724.26,AAPL
2022-05-16 18:06:00,47.815,47.775,48.730000000000004,48.39,48.6,AAPL
2022-05-16 18:06:00,124.2125,124.115,124.31,124.225,124.4,AAPL
2022-05-16 18:06:00,94.1625,94.15,94.14,94.1374,94.25,AAPL
2022-05-16 18:06:00,145.16750000000002,145.3,145.29,145.24005,145.6,AAPL
2022-05-16 18:05:00,145.175,145.3,145.27999999999997,145.24,145.55,AAPL
2022-05-16 18:05:00,47.815,47.775,48.68,48.39,48.63,AAPL
2022-05-16 18:04:00,722.97195,723.4639,723.265,723.065,724.25,AAPL
2022-05-16 18:04:00,47.755,47.715,48.55,48.39,48.62,AAPL
2022-05-16 18:04:00,145.185,145.31,145.27499999999998,145.24,145.52,AAPL
2022-05-16 18:03:00,105.13999999999999,105.57,105.095,105.0,106.36,AAPL
2022-05-16 18:03:00,47.7,47.66,48.465,48.39,48.65,AAPL
2022-05-16 18:03:00,94.1575,94.15,94.10499999999999,94.1374,94.21,AAPL
2022-05-16 18:03:00,145.21,145.31,145.245,145.21,145.54,AAPL
2022-05-16 18:02:00,144.51500000000001,145.675,143.96499999999997,144.25495,149.54,AAPL
2022-05-16 18:02:00,47.4975,47.5,48.465,48.245000000000005,48.62,AAPL
2022-05-16 18:02:00,145.22500000000002,145.31,145.20499999999998,145.17000000000002,145.51,AAPL
2022-05-16 18:01:00,112.29124999999999,112.57,112.35,112.425,115.0,AAPL
2022-05-16 18:01:00,47.46125000000001,47.5,48.435,48.230000000000004,48.51,AAPL
2022-05-16 18:01:00,94.1575,94.15,94.10499999999999,94.1374,94.21,AAPL
2022-05-16 18:01:00,145.23000000000002,145.31,145.2,145.16500000000002,145.51,AAPL
2022-05-16 18:00:00,47.46,47.5,48.405,48.230000000000004,48.55,AAPL
2022-05-16 18:00:00,145.22500000000002,145.31,145.195,145.16500000000002,145.5,AAPL
2022-05-16 18:00:00,94.1575,94.15,94.1,94.1374,94.22,AAPL
2022-05-16 18:00:00,722.9744499999999,723.4639,723.2,723.05,724.27,AAPL
2022-05-16 17:59:00,722.9744499999999,723.4639,723.2,723.05,724.5,AAPL
2022-05-16 17:59:00,47.462500000000006,47.5,48.405,48.21,48.5,AAPL
2022-05-16 17:59:00,124.1825,124.115,124.33000000000001,124.225,124.4,AAPL
2022-05-16 17:59:00,145.22500000000002,145.31,145.1523,145.1323,145.5,AAPL
2022-05-16 17:58:00,47.462500000000006,47.5,48.3,48.105000000000004,48.5,AAPL
2022-05-16 17:58:00,94.1575,94.15,94.09805,94.1374,94.27,AAPL
2022-05-16 17:58:00,145.22500000000002,145.31,145.13835,145.1323,145.46,AAPL
2022-05-16 17:57:00,47.462500000000006,47.53,48.165000000000006,47.97,48.44,AAPL
2022-05-16 17:57:00,145.22500000000002,145.31,145.125,145.12,145.49,AAPL
2022-05-16 17:55:00,723.11415,723.4639,723.2,723.0,724.25,AAPL
2022-05-16 17:55:00,47.447500000000005,47.53,48.025000000000006,47.835,48.37,AAPL
2022-05-16 17:55:00,145.2675,145.31,145.125,145.135,145.46,AAPL
2022-05-16 17:54:00,94.13,94.13505,94.09805,94.145,94.33,AAPL
2022-05-16 17:54:00,145.2675,145.31,145.125,145.135,145.5,AAPL
2022-05-16 17:54:00,47.442499999999995,47.53,47.925,47.835,48.29,AAPL
2022-05-16 17:54:00,66.055,66.14500000000001,65.895,65.925,66.25,AAPL
2022-05-16 17:54:00,723.11415,723.4639,723.2,723.0,724.15,AAPL
2022-05-16 17:53:00,722.9870000000001,723.4639,723.075,723.0,724.5,AAPL
2022-05-16 17:53:00,47.442499999999995,47.53,47.92,47.835,48.33,AAPL
2022-05-16 17:53:00,94.13,94.14005,94.095,94.145,94.22,AAPL
2022-05-16 17:53:00,145.2675,145.31,145.12005,145.175,145.52,AAPL
2022-05-16 17:52:00,145.2675,145.31,145.10865,145.20499999999998,145.5,AAPL
2022-05-16 17:51:00,722.9870000000001,723.2,723.065,723.0,724.59,AAPL
2022-05-16 17:51:00,145.26500000000001,145.31,145.10865,145.215,145.4899,AAPL
2022-05-16 17:50:00,144.55,145.6975,143.99,144.25495,150.0,AAPL
2022-05-16 17:50:00,47.442499999999995,47.53,47.915000000000006,47.835,48.4,AAPL
2022-05-16 17:50:00,94.13,94.245,94.095,94.145,94.17,AAPL
2022-05-16 17:50:00,145.31865,145.325,145.10865,145.215,145.42,AAPL
2022-05-16 17:49:00,145.31865,145.325,145.12005,145.215,145.37,AAPL
2022-05-16 17:49:00,144.5675,145.995,144.0,144.26495,150.5,AAPL
2022-05-16 17:49:00,94.13,94.245,94.10499999999999,94.145,94.27,AAPL
2022-05-16 17:48:00,47.45125,47.53,47.915000000000006,47.835,48.39,AAPL
2022-05-16 17:48:00,145.3175,145.325,145.12005,145.215,145.36,AAPL
2022-05-16 17:48:00,722.9585999999999,723.2,722.99,723.0,725.01,AAPL
2022-05-16 17:48:00,66.05625,66.14500000000001,65.895,65.945,66.23,AAPL
2022-05-16 17:47:00,722.9585999999999,723.505,722.95,723.0,725.4,AAPL
2022-05-16 17:47:00,47.455,47.555,47.915000000000006,47.835,48.39,AAPL
2022-05-16 17:47:00,94.13,94.245,94.10499999999999,94.145,94.26,AAPL
2022-05-16 17:47:00,145.3175,145.325,145.12,145.215,145.36,AAPL
2022-05-16 17:46:00,722.9585999999999,723.6517,722.975,723.0,725.56,AAPL
2022-05-16 17:46:00,144.60500000000002,146.125,144.0,144.26495,150.5,AAPL
2022-05-16 17:46:00,124.1575,124.115,124.33000000000001,124.225,124.35,AAPL
2022-05-16 17:46:00,94.13,94.19999999999999,94.11,94.15,94.26,AAPL
2022-05-16 17:46:00,145.30845,145.46,145.12,145.215,145.4,AAPL
2022-05-16 17:45:00,722.9585999999999,724.49995,723.0,723.0,725.45,AAPL
2022-05-16 17:45:00,47.455,47.5925,47.915000000000006,47.835,48.38,AAPL
2022-05-16 17:45:00,94.155,94.19999999999999,94.155,94.16,94.26,AAPL
2022-05-16 17:45:00,145.29627499999998,145.46,145.12,145.215,145.42,AAPL
2022-05-16 17:44:00,94.155,94.19999999999999,94.155,94.16,94.25,AAPL
2022-05-16 17:44:00,145.29627499999998,145.46,145.12,145.215,145.41,AAPL
2022-05-16 17:44:00,47.455,47.599999999999994,47.93,47.835,48.39,AAPL
2022-05-16 17:44:00,722.9585999999999,724.49995,723.0,723.0,725.0,AAPL
2022-05-16 17:43:00,47.455,47.599999999999994,48.015,47.805,48.34,AAPL
2022-05-16 17:43:00,145.27747499999998,145.46,145.12,145.215,145.3,AAPL
2022-05-16 17:42:00,723.1989,724.915,723.0,723.0,724.6,AAPL
2022-05-16 17:42:00,105.16999999999999,105.57,105.095,105.035,106.49,AAPL
2022-05-16 17:42:00,47.462500000000006,47.599999999999994,48.015,47.805,48.25,AAPL
2022-05-16 17:42:00,145.27747499999998,145.46,145.12,145.215,145.3,AAPL
2022-05-16 17:41:00,723.1989,724.915,723.05,723.0,724.5,AAPL
2022-05-16 17:41:00,47.455,47.599999999999994,47.870000000000005,47.795,48.24,AAPL
2022-05-16 17:41:00,145.27747499999998,145.46,145.12,145.215,145.32,AAPL
2022-05-16 17:40:00,723.1989,724.5783,723.05,722.8207,723.75,AAPL
2022-05-16 17:40:00,47.455,47.6025,47.855000000000004,47.795,48.12,AAPL
2022-05-16 17:40:00,145.27499999999998,145.46,145.11995000000002,145.215,145.3,AAPL
2022-05-16 17:39:00,124.10000000000001,124.115,124.33000000000001,124.225,124.33,AAPL
2022-05-16 17:39:00,94.155,94.21000000000001,94.1674,94.16,94.25,AAPL
2022-05-16 17:39:00,145.275,145.46,145.12,145.215,145.31,AAPL
2022-05-16 17:39:00,47.457499999999996,47.6025,47.855000000000004,47.795,48.33,AAPL
2022-05-16 17:39:00,66.062475,66.14500000000001,65.895,65.945,66.25,AAPL
2022-05-16 17:38:00,112.29124999999999,112.57,112.35,112.425,112.6,AAPL
2022-05-16 17:38:00,47.459999999999994,47.61,47.835,47.795,48.55,AAPL
2022-05-16 17:38:00,145.325,145.46,145.135,145.215,145.4,AAPL
2022-05-16 17:36:00,145.325,145.46,145.145,145.22500000000002,145.42,AAPL
2022-05-16 17:36:00,94.16,94.33,94.17240000000001,94.155,94.24,AAPL
2022-05-16 17:36:00,123.9375,124.115,124.30000000000001,124.25,124.5,AAPL
2022-05-16 17:36:00,47.467675,47.61,47.835,47.795,48.65,AAPL
2022-05-16 17:36:00,723.1989,724.325,723.05,722.8207,723.75,AAPL
2022-05-16 17:35:00,723.47,724.2875,723.05,722.7638999999999,724.34,AAPL
2022-05-16 17:35:00,47.468925,47.61,47.835,47.795,48.52,AAPL
2022-05-16 17:35:00,94.16,94.33,94.1674,94.155,94.2,AAPL
2022-05-16 17:35:00,145.325,145.46,145.195,145.22500000000002,145.36,AAPL
2022-05-16 17:34:00,47.4475,47.61,47.775000000000006,47.735,48.68,AAPL
2022-05-16 17:34:00,145.325,145.435,145.225,145.22500000000002,145.28,AAPL
2022-05-16 17:33:00,145.325,145.405,145.235,145.22500000000002,145.27,AAPL
2022-05-16 17:33:00,47.46125,47.61,47.72,47.68,48.6,AAPL
2022-05-16 17:33:00,723.5108,724.165,723.05,722.7638999999999,724.12,AAPL
2022-05-16 17:32:00,47.46125,47.61,47.525000000000006,47.47,48.7,AAPL
2022-05-16 17:32:00,123.9375,124.115,124.30000000000001,124.25999999999999,124.4,AAPL
2022-05-16 17:32:00,145.325,145.405,145.22500000000002,145.22500000000002,145.27,AAPL
2022-05-16 17:30:00,144.6575,146.125,144.115,144.37995,150.04,AAPL
2022-05-16 17:30:00,43.23975,43.429249999999996,43.409949999999995,43.41,44.03,AAPL
2022-05-16 17:30:00,94.16,94.33,94.1674,94.155,94.24,AAPL
2022-05-16 17:30:00,145.325,145.405,145.22500000000002,145.22500000000002,145.2,AAPL
2022-05-16 17:29:00,43.230000000000004,43.429249999999996,43.409949999999995,43.41,44.05,AAPL
2022-05-16 17:29:00,145.325,145.405,145.22500000000002,145.22500000000002,145.2046,AAPL
2022-05-16 17:29:00,723.5376,723.725,723.0799999999999,722.7638999999999,724.4,AAPL
2022-05-16 17:28:00,94.16,94.33,94.1674,94.155,94.24,AAPL
2022-05-16 17:28:00,145.405,145.405,145.22500000000002,145.22500000000002,145.16,AAPL
2022-05-16 17:25:00,723.6650999999999,723.725,723.0,723.1989,724.0,AAPL
2022-05-16 17:25:00,47.46125,47.61,47.475,47.447500000000005,48.7,AAPL
2022-05-16 17:25:00,145.4075,145.405,145.22500000000002,145.31,145.13,AAPL
2022-05-16 17:20:00,123.8875,124.115,124.30000000000001,124.275,124.5,AAPL
2022-05-16 17:20:00,145.4075,145.405,145.22500000000002,145.31,145.17,AAPL
2022-05-16 17:20:00,94.125,94.36994999999999,94.16999999999999,94.155,94.21,AAPL
2022-05-16 17:20:00,66.0625,66.14500000000001,65.91499999999999,65.96000000000001,66.37,AAPL
2022-05-16 17:20:00,723.4825000000001,723.725,722.745,723.1989,723.53,AAPL
2022-05-16 17:17:00,723.4825000000001,723.725,722.88,723.1989,723.0589,AAPL
2022-05-16 17:17:00,43.2375,43.429249999999996,43.465,43.41,44.15,AAPL
2022-05-16 17:17:00,123.7825,124.245,124.25,124.275,124.5,AAPL
2022-05-16 17:17:00,145.4075,145.405,145.22500000000002,145.31,145.18,AAPL
2022-05-16 17:16:00,94.125,94.495,94.16,94.155,94.11,AAPL
2022-05-16 17:16:00,723.485,723.725,723.0294,723.1989,723.12,AAPL
2022-05-16 17:16:00,123.8949,124.245,124.245,124.275,124.35,AAPL
2022-05-16 17:16:00,145.4075,145.405,145.22500000000002,145.31,145.15,AAPL
2022-05-16 17:15:00,723.56,723.725,723.0294,723.1989,723.3,AAPL
2022-05-16 17:15:00,43.254999999999995,43.43175,43.465,43.41,44.03,AAPL
2022-05-16 17:15:00,94.125,94.495,94.16,94.155,94.15,AAPL
2022-05-16 17:15:00,145.4075,145.405,145.22000000000003,145.31,145.12,AAPL
2022-05-16 17:12:00,145.41,145.405,145.3123,145.325,145.1,AAPL
2022-05-16 17:12:00,145.18715,146.5475,144.29,144.14995,150.76,AAPL
2022-05-16 17:12:00,105.16125,105.57,105.095,105.035,105.19,AAPL
2022-05-16 17:12:00,94.125,94.4975,94.16,94.155,94.1,AAPL
2022-05-16 17:12:00,723.385,723.725,722.7751000000001,723.1989,723.0856,AAPL
2022-05-16 17:12:00,66.0675,66.14500000000001,65.91499999999999,65.96000000000001,66.37,AAPL
2022-05-16 17:11:00,723.3925,723.725,722.7183,723.1989,723.38,AAPL
2022-05-16 17:11:00,145.41,145.405,145.3123,145.325,145.1572,AAPL
2022-05-16 17:08:00,47.46125,47.61,47.475,47.445,48.49,AAPL
2022-05-16 17:08:00,94.1325,94.4975,94.10499999999999,94.155,94.13,AAPL
2022-05-16 17:08:00,145.41,145.405,145.31,145.325,145.07,AAPL
2022-05-16 17:07:00,66.07,66.14500000000001,65.94,65.97,66.35,AAPL
2022-05-16 17:07:00,145.41,145.405,145.31,145.325,145.07,AAPL
2022-05-16 17:06:00,66.08125,66.14500000000001,65.925,65.97,66.32,AAPL
2022-05-16 17:06:00,94.2025,94.4975,94.10499999999999,94.155,94.13,AAPL
2022-05-16 17:06:00,145.47750000000002,145.405,145.2919,145.325,145.07,AAPL
2022-05-16 17:06:00,723.565,723.725,722.7183,723.1989,723.3,AAPL
2022-05-16 17:05:00,145.4375,145.405,145.26755,145.325,145.0601,AAPL
2022-05-16 17:05:00,94.205,94.545,94.10499999999999,94.155,94.11,AAPL
2022-05-16 17:05:00,43.260000000000005,43.43175,43.465,43.41,44.03,AAPL
2022-05-16 17:04:00,723.63835,723.725,722.7183,723.1989,723.28,AAPL
2022-05-16 17:04:00,145.291025,146.635,144.3,144.215,150.6,AAPL
2022-05-16 17:04:00,145.45000000000002,145.405,145.26755,145.325,145.08,AAPL
2022-05-16 17:03:00,145.4425,145.435,145.22995,145.325,145.08,AAPL
2022-05-16 17:03:00,112.2825,112.57499999999999,112.52,112.47,114.7,AAPL
2022-05-16 17:03:00,94.205,94.66,94.10499999999999,94.155,94.05,AAPL
2022-05-16 17:02:00,145.4425,145.435,145.22995,145.325,145.12,AAPL
2022-05-16 17:01:00,724.077475,723.725,722.7183,723.1989,723.0,AAPL
2022-05-16 17:01:00,145.32999999999998,146.635,144.39999999999998,144.29000000000002,149.98,AAPL
2022-05-16 17:01:00,105.16125,105.58515,105.095,105.035,105.18,AAPL
2022-05-16 17:01:00,145.4425,145.45999999999998,145.22995,145.325,145.16,AAPL
2022-05-16 17:00:00,123.9325,124.27,124.22,124.275,124.22,AAPL
2022-05-16 17:00:00,94.18249999999999,94.66,94.10499999999999,94.155,94.06,AAPL
2022-05-16 17:00:00,145.4425,145.45999999999998,145.225,145.325,145.11,AAPL
2022-05-16 16:59:00,94.175,94.66,94.155,94.155,94.13,AAPL
2022-05-16 16:59:00,145.4425,145.45999999999998,145.22500000000002,145.325,145.16,AAPL
2022-05-16 16:59:00,123.9225,124.27,124.225,124.275,124.25,AAPL
2022-05-16 16:56:00,94.24000000000001,94.66,94.16,94.16,94.11,AAPL
2022-05-16 16:56:00,145.4425,145.45999999999998,145.325,145.325,145.06,AAPL
2022-05-16 16:55:00,724.5575,723.725,723.1989,723.1989,722.75,AAPL
2022-05-16 16:55:00,123.89750000000001,124.32499999999999,124.225,124.275,124.26,AAPL
2022-05-16 16:55:00,145.45000000000002,145.45999999999998,145.325,145.325,145.08,AAPL
2022-05-16 16:53:00,724.2625,723.725,723.1989,723.1989,723.0,AAPL
2022-05-16 16:53:00,145.57750000000001,146.66500000000002,144.48995,144.325,148.8,AAPL
2022-05-16 16:53:00,94.24000000000001,94.66,94.16,94.16,94.12,AAPL
2022-05-16 16:53:00,145.4375,145.48915,145.325,145.325,145.14,AAPL
2022-05-16 16:51:00,724.1825,723.725,723.5108,723.5108,722.6,AAPL
2022-05-16 16:51:00,94.24000000000001,94.66,94.16,94.16,94.12,AAPL
2022-05-16 16:51:00,145.42000000000002,145.58499999999998,145.325,145.325,145.14,AAPL
2022-05-16 16:50:00,724.0875000000001,723.725,723.5376,723.5376,723.4,AAPL
2022-05-16 16:50:00,145.41250000000002,145.58499999999998,145.325,145.325,145.15,AAPL
2022-05-16 16:50:00,94.24000000000001,94.66,94.16,94.16,94.126,AAPL
2022-05-16 16:49:00,94.24000000000001,94.66,94.16,94.16,94.2,AAPL
2022-05-16 16:49:00,145.41250000000002,145.58499999999998,145.325,145.325,145.15,AAPL
2022-05-16 16:49:00,47.47375,47.6225,47.480000000000004,47.445,48.96,AAPL
2022-05-16 16:49:00,123.86250000000001,124.49,124.225,124.275,124.28,AAPL
2022-05-16 16:48:00,105.16125,105.59,105.095,105.1,105.15,AAPL
2022-05-16 16:48:00,94.25,94.66,94.16,94.15,94.2,AAPL
2022-05-16 16:48:00,145.41250000000002,145.58499999999998,145.325,145.325,145.14,AAPL
2022-05-16 16:47:00,724.1125,723.725,723.5376,723.5376,722.8167,AAPL
2022-05-16 16:47:00,105.145175,105.59,105.095,105.1,105.14,AAPL
2022-05-16 16:47:00,145.41250000000002,145.58499999999998,145.325,145.325,145.18,AAPL
2022-05-16 16:46:00,724.0875000000001,723.725,723.5376,723.6025999999999,723.25,AAPL
2022-05-16 16:46:00,43.2575,43.43175,43.465,43.41,44.03,AAPL
2022-05-16 16:46:00,94.25,94.66,94.16,94.15,94.2248,AAPL
2022-05-16 16:46:00,145.43,145.58499999999998,145.405,145.405,145.18,AAPL
2022-05-16 16:45:00,723.88,723.855,723.5376,723.7926,723.5,AAPL
2022-05-16 16:45:00,94.23252500000001,94.66499999999999,94.1,94.15,94.17,AAPL
2022-05-16 16:45:00,145.4975,145.58499999999998,145.41,145.405,145.1868,AAPL
2022-05-16 16:44:00,145.4875,145.58499999999998,145.41,145.405,145.29,AAPL
2022-05-16 16:44:00,112.27855,112.57499999999999,112.525,112.46000000000001,114.9494,AAPL
2022-05-16 16:43:00,723.7175,723.855,723.5376,723.8026,723.4595,AAPL
2022-05-16 16:43:00,94.23502500000001,94.66499999999999,94.1,94.15,94.2,AAPL
2022-05-16 16:43:00,145.4875,145.58499999999998,145.41,145.405,145.33,AAPL
2022-05-16 16:42:00,723.4625000000001,723.855,723.62,723.835,723.4799,AAPL
2022-05-16 16:42:00,43.269999999999996,43.43175,43.465,43.41,44.04,AAPL
2022-05-16 16:42:00,94.2875,94.785,94.1,94.15,94.11,AAPL
2022-05-16 16:42:00,145.48000000000002,145.58499999999998,145.41,145.405,145.37,AAPL
2022-05-16 16:41:00,723.4625000000001,724.1875,723.5699999999999,723.835,723.0,AAPL
2022-05-16 16:41:00,145.6225,146.71,144.48995,144.325,149.1,AAPL
2022-05-16 16:41:00,112.3075,112.57499999999999,112.525,112.46000000000001,114.4,AAPL
2022-05-16 16:41:00,123.92125,124.49,124.225,124.03,124.35,AAPL
2022-05-16 16:41:00,145.48000000000002,145.58499999999998,145.41,145.405,145.3301,AAPL
2022-05-16 16:40:00,47.47625,47.625,47.480000000000004,47.445,48.76,AAPL
2022-05-16 16:40:00,123.91125000000001,124.49,124.225,124.03,124.21,AAPL
2022-05-16 16:40:00,145.48000000000002,145.58499999999998,145.415,145.405,145.35,AAPL
2022-05-16 16:40:00,112.3075,112.57499999999999,112.595,112.46000000000001,114.96,AAPL
2022-05-16 16:40:00,723.615,724.8015,723.13,723.835,722.99,AAPL
2022-05-16 16:39:00,723.68835,724.825,723.13,723.835,722.6755,AAPL
2022-05-16 16:39:00,145.48000000000002,145.5975,145.415,145.405,145.33,AAPL
2022-05-16 16:38:00,724.112475,725.4024,723.13,723.835,722.66,AAPL
2022-05-16 16:38:00,105.125925,105.59,105.095,105.1,105.06,AAPL
2022-05-16 16:38:00,123.74875,124.49,124.305,124.02000000000001,124.21,AAPL
2022-05-16 16:38:00,145.48000000000002,145.61,145.415,145.405,145.3554,AAPL
2022-05-16 16:37:00,94.307475,94.785,94.1,94.15,94.1101,AAPL
2022-05-16 16:37:00,145.48000000000002,145.61,145.415,145.405,145.36,AAPL
2022-05-16 16:37:00,123.75,124.49,124.38499999999999,124.02000000000001,124.4,AAPL
2022-05-16 16:35:00,724.112475,726.8199999999999,723.13,723.835,722.78,AAPL
2022-05-16 16:35:00,145.8975,147.035,144.48995,144.325,148.9,AAPL
2022-05-16 16:35:00,47.49875,47.6325,47.480000000000004,47.445,48.49,AAPL
2022-05-16 16:35:00,94.3475,94.785,94.1,94.15,94.1612,AAPL
2022-05-16 16:35:00,145.4025,145.76999999999998,145.415,145.54000000000002,145.3301,AAPL
2022-05-16 16:34:00,145.3775,145.76999999999998,145.33499999999998,145.54000000000002,145.33,AAPL
2022-05-16 16:34:00,123.76249999999999,124.49,124.4,124.02000000000001,124.4,AAPL
2022-05-16 16:34:00,724.3199999999999,727.19,723.135,723.835,722.7,AAPL
2022-05-16 16:33:00,105.1558,105.6055,105.095,105.1,105.05,AAPL
2022-05-16 16:33:00,145.36,145.76999999999998,145.36,145.54000000000002,145.33,AAPL
2022-05-16 16:32:00,47.504999999999995,47.64,47.45,47.445,48.42,AAPL
2022-05-16 16:32:00,145.385,145.76999999999998,145.345,145.54000000000002,145.2646,AAPL
2022-05-16 16:31:00,145.95250000000001,147.09,144.48995,144.505,144.56,AAPL
2022-05-16 16:31:00,66.0825,66.14500000000001,65.925,65.97,66.37,AAPL
2022-05-16 16:31:00,123.79749999999999,124.49,124.4,124.02000000000001,124.4,AAPL
2022-05-16 16:31:00,94.3475,94.7975,94.1,94.15,94.1684,AAPL
2022-05-16 16:31:00,145.385,145.76999999999998,145.345,145.54000000000002,145.29,AAPL
2022-05-16 16:30:00,112.3175,112.57499999999999,112.595,112.46000000000001,114.97,AAPL
2022-05-16 16:30:00,105.195925,105.63,105.095,105.1,105.06,AAPL
2022-05-16 16:30:00,123.79749999999999,124.49,124.405,124.02000000000001,124.4,AAPL
2022-05-16 16:30:00,94.34875,94.84,94.1,94.15,94.1,AAPL
2022-05-16 16:30:00,145.39749999999998,145.7749,145.345,145.54000000000002,145.2999,AAPL
2022-05-16 16:29:00,105.20695,105.63499999999999,105.09,105.1,105.06,AAPL
2022-05-16 16:29:00,94.35375,94.84,94.1,94.15,94.24,AAPL
2022-05-16 16:29:00,145.39749999999998,145.7749,145.345,145.54000000000002,145.26,AAPL
2022-05-16 16:29:00,724.3199999999999,727.19,723.285,723.835,722.9,AAPL
2022-05-16 16:28:00,724.15165,727.19,723.285,723.71,722.66,AAPL
2022-05-16 16:28:00,43.269999999999996,43.43175,43.41,43.41,44.04,AAPL
2022-05-16 16:28:00,94.41375,94.87505,94.11,94.13505,94.13,AAPL
2022-05-16 16:28:00,145.39999999999998,145.88,145.345,145.54000000000002,145.28,AAPL
2022-05-16 16:27:00,724.0250000000001,727.19,723.5699999999999,723.2,722.95,AAPL
2022-05-16 16:27:00,105.22999999999999,105.65,105.09,105.1,105.06,AAPL
2022-05-16 16:27:00,123.74,124.49,124.405,124.02000000000001,124.22,AAPL
2022-05-16 16:27:00,94.41375,95.10249999999999,94.12495,94.14005,94.13,AAPL
2022-05-16 16:27:00,145.39999999999998,146.04000000000002,145.345,145.54000000000002,145.26,AAPL
2022-05-16 16:26:00,724.00625,727.19,723.585,723.2,722.8,AAPL
2022-05-16 16:26:00,105.25999999999999,105.68,105.09,105.1,105.08,AAPL
2022-05-16 16:26:00,94.41375,95.155,94.16,94.245,94.1,AAPL
2022-05-16 16:26:00,145.4075,146.08499999999998,145.36,145.54000000000002,145.2599,AAPL
2022-05-16 16:25:00,94.4375,95.155,94.16499999999999,94.245,94.1,AAPL
2022-05-16 16:25:00,145.422075,146.08499999999998,145.405,145.47,145.23,AAPL
2022-05-16 16:25:00,43.269999999999996,43.43175,43.41,43.41,44.16,AAPL
2022-05-16 16:25:00,723.9449999999999,727.19,723.625,723.505,722.65,AAPL
2022-05-16 16:24:00,723.725,727.64285,723.625,723.6517,722.6508,AAPL
2022-05-16 16:24:00,145.95250000000001,147.09,144.48995,144.54275,144.5,AAPL
2022-05-16 16:24:00,123.97489999999999,124.49,124.345,124.02000000000001,124.4,AAPL
2022-05-16 16:24:00,94.495,95.155,94.16499999999999,94.245,94.1,AAPL
2022-05-16 16:24:00,145.47,146.08499999999998,145.405,145.435,145.18,AAPL
2022-05-16 16:23:00,723.725,727.6800000000001,723.655,724.49995,723.0,AAPL
2022-05-16 16:23:00,243.58999999999997,244.1375,244.01999999999998,243.855,243.77,AAPL
2022-05-16 16:23:00,123.9875,124.49,124.305,124.00999999999999,124.35,AAPL
2022-05-16 16:23:00,94.5,95.16,94.16499999999999,94.19999999999999,94.14,AAPL
2022-05-16 16:23:00,145.4875,146.1025,145.42000000000002,145.405,145.19,AAPL
2022-05-16 16:22:00,146.03,147.09,144.51495,144.54275,144.5,AAPL
2022-05-16 16:22:00,94.57499999999999,95.235,94.15,94.19999999999999,94.1,AAPL
2022-05-16 16:22:00,145.56,146.175,145.42000000000002,145.405,145.29,AAPL
2022-05-16 16:21:00,124.02,124.49,124.305,123.89500000000001,124.35,AAPL
2022-05-16 16:21:00,94.64,95.30000000000001,94.15,94.19999999999999,94.1,AAPL
2022-05-16 16:21:00,145.56,146.175,145.42000000000002,145.405,145.2,AAPL
2022-05-16 16:21:00,723.725,728.025,723.72,724.49995,723.4088,AAPL
2022-05-16 16:20:00,723.100075,728.27,723.94,724.915,722.65,AAPL
2022-05-16 16:20:00,146.3475,147.35500000000002,144.46495,144.60000000000002,144.5,AAPL
2022-05-16 16:20:00,243.58999999999997,244.1375,244.01999999999998,243.855,243.59,AAPL
2022-05-16 16:20:00,105.32,105.695,105.0,105.1,105.08,AAPL
2022-05-16 16:20:00,94.7025,95.36250000000001,94.15,94.21000000000001,94.08,AAPL
2022-05-16 16:20:00,145.59085,146.20585,145.42000000000002,145.405,145.25,AAPL
2022-05-16 16:19:00,94.7025,95.36250000000001,94.15,94.33,94.08,AAPL
2022-05-16 16:19:00,145.59085,146.20585,145.45499999999998,145.405,145.54,AAPL
2022-05-16 16:19:00,124.02,124.49,124.305,123.57,124.33,AAPL
2022-05-16 16:19:00,105.35325,105.71000000000001,105.035,105.1,105.1,AAPL
2022-05-16 16:19:00,66.0825,66.14500000000001,65.925,65.9725,66.4,AAPL
2022-05-16 16:18:00,722.122575,728.27,724.2,724.915,722.5,AAPL
2022-05-16 16:18:00,146.53215,147.385,144.30495000000002,144.78,144.5,AAPL
2022-05-16 16:18:00,43.2625,43.43175,43.375,43.375,44.02,AAPL
2022-05-16 16:18:00,124.02,124.49,124.305,123.57,124.26,AAPL
2022-05-16 16:18:00,145.59085,146.20585,145.59,145.405,145.34,AAPL
2022-05-16 16:17:00,66.088125,66.14500000000001,65.925,65.97749999999999,66.39,AAPL
2022-05-16 16:17:00,145.57085,146.20585,145.57,145.405,145.34,AAPL
2022-05-16 16:17:00,94.6975,95.36250000000001,94.15,94.33,94.1,AAPL
2022-05-16 16:17:00,722.33805,728.27,724.2,724.5783,722.25,AAPL
2022-05-16 16:17:00,146.53215,147.72500000000002,144.15494999999999,144.92000000000002,144.3,AAPL
2022-05-16 16:16:00,124.02,124.49,124.255,123.52000000000001,124.4,AAPL
2022-05-16 16:16:00,94.722475,95.36250000000001,94.15,94.33,94.1,AAPL
2022-05-16 16:16:00,145.58835,146.20585,145.57,145.405,145.3,AAPL
2022-05-16 16:15:00,722.33805,728.27,724.2,724.325,722.31,AAPL
2022-05-16 16:15:00,112.3175,112.57499999999999,112.5705,112.46000000000001,114.73,AAPL
2022-05-16 16:15:00,66.0895,66.14500000000001,65.93,65.97749999999999,66.37,AAPL
2022-05-16 16:15:00,105.37825000000001,105.79655,105.035,105.1,105.06,AAPL
2022-05-16 16:15:00,47.519999999999996,47.650000000000006,47.45,47.445,48.21,AAPL
2022-05-16 16:15:00,124.0375,124.49,124.255,123.52000000000001,124.35,AAPL
2022-05-16 16:15:00,94.7525,95.36250000000001,94.15,94.33,94.08,AAPL
2022-05-16 16:15:00,145.63085,146.20585,145.555,145.405,145.3,AAPL
2022-05-16 16:14:00,66.098125,66.14500000000001,65.93,65.97749999999999,66.35,AAPL
2022-05-16 16:14:00,145.64999999999998,146.225,145.555,145.405,145.28,AAPL
2022-05-16 16:14:00,94.785,95.36250000000001,94.15,94.33,94.1,AAPL
2022-05-16 16:14:00,124.04135,124.49,124.225,123.52000000000001,124.34,AAPL
2022-05-16 16:14:00,243.62374999999997,244.1375,244.01999999999998,243.855,243.68,AAPL
2022-05-16 16:14:00,722.33805,728.27,724.2,724.2875,722.57,AAPL
2022-05-16 16:13:00,722.33805,728.2950000000001,724.2,724.165,722.6516,AAPL
2022-05-16 16:13:00,43.2625,43.43175,43.375,43.375,44.12,AAPL
2022-05-16 16:13:00,94.8325,95.41,94.15,94.33,94.08,AAPL
2022-05-16 16:13:00,145.675,146.2375,145.555,145.405,145.3,AAPL
2022-05-16 16:11:00,722.80305,729.16995,724.5,723.725,723.0818,AAPL
2022-05-16 16:11:00,112.33500000000001,112.57499999999999,112.5705,112.46000000000001,115.2,AAPL
2022-05-16 16:11:00,243.6325,244.1375,244.01999999999998,243.855,244.45,AAPL
2022-05-16 16:11:00,66.094375,66.14500000000001,65.93,65.97749999999999,66.35,AAPL
2022-05-16 16:11:00,105.40575,105.82499999999999,105.035,105.1,105.06,AAPL
2022-05-16 16:11:00,47.521249999999995,47.65495,47.44,47.445,47.99,AAPL
2022-05-16 16:11:00,94.89375,95.47,94.16999999999999,94.33,94.24,AAPL
2022-05-16 16:11:00,145.68375,146.24,145.555,145.405,145.32,AAPL
2022-05-16 16:10:00,94.89625000000001,95.47,94.13505,94.33,94.1,AAPL
2022-05-16 16:10:00,145.7,146.25,145.555,145.405,145.3499,AAPL
2022-05-16 16:10:00,146.53215,147.815,144.11,144.92000000000002,144.02,AAPL
2022-05-16 16:10:00,722.905,729.18995,724.45,723.725,723.1,AAPL
2022-05-16 16:09:00,723.43375,729.2562,724.035,723.725,723.2,AAPL
2022-05-16 16:09:00,112.36,112.57499999999999,112.5705,112.46000000000001,115.15,AAPL
2022-05-16 16:09:00,243.69125,244.1375,244.02499999999998,243.855,244.36,AAPL
2022-05-16 16:09:00,66.094375,66.14500000000001,65.93,65.97749999999999,66.35,AAPL
2022-05-16 16:09:00,105.43124999999999,105.83,105.035,105.1,105.1,AAPL
2022-05-16 16:09:00,47.525000000000006,47.68,47.44,47.445,47.84,AAPL
2022-05-16 16:09:00,125.55375000000001,126.05250000000001,123.955,123.8348,124.38,AAPL
2022-05-16 16:09:00,94.93125,95.505,94.14005,94.33,94.1,AAPL
2022-05-16 16:09:00,145.75,146.3,145.555,145.405,145.34,AAPL
2022-05-16 16:08:00,145.86499999999998,146.45749999999998,145.45,145.35500000000002,145.35,AAPL
2022-05-16 16:08:00,724.3075,729.5599500000001,723.71,723.725,723.25,AAPL
2022-05-16 16:08:00,146.53215,147.825,144.11,144.92000000000002,144.1,AAPL
2022-05-16 16:08:00,125.60125000000001,126.06,123.955,123.86,124.38,AAPL
2022-05-16 16:08:00,94.99625,95.51,94.245,94.33,94.1,AAPL
2022-05-16 16:07:00,95.03190000000001,95.52445,94.245,94.36994999999999,94.11,AAPL
2022-05-16 16:07:00,145.88957499999998,146.46815,145.39999999999998,145.35500000000002,145.29,AAPL
2022-05-16 16:07:00,125.60125000000001,126.06,123.945,123.925,124.2,AAPL
2022-05-16 16:06:00,47.5275,47.695,47.457499999999996,47.445,47.98,AAPL
2022-05-16 16:06:00,125.61500000000001,126.06,123.94,123.925,124.21,AAPL
2022-05-16 16:06:00,95.0894,95.52445,94.245,94.43,94.09,AAPL
2022-05-16 16:06:00,145.95250000000001,146.48315000000002,145.365,145.35500000000002,145.31,AAPL
2022-05-16 16:06:00,724.3075,729.605,723.2,723.725,723.0087,AAPL
2022-05-16 16:05:00,724.47375,729.7650000000001,723.2,723.725,723.0,AAPL
2022-05-16 16:05:00,66.094875,66.14500000000001,65.93,65.97749999999999,66.39,AAPL
2022-05-16 16:05:00,95.0894,95.52445,94.19999999999999,94.495,94.1,AAPL
2022-05-16 16:05:00,145.95250000000001,146.48315000000002,145.33499999999998,145.435,145.38,AAPL
2022-05-16 16:04:00,145.95250000000001,146.48315000000002,145.33499999999998,145.435,145.37,AAPL
2022-05-16 16:04:00,47.545,47.695,47.465,47.445,47.9,AAPL
2022-05-16 16:04:00,125.6275,126.10499999999999,123.92,123.925,124.39,AAPL
2022-05-16 16:04:00,95.09565,95.52445,94.19999999999999,94.495,94.12,AAPL
2022-05-16 16:04:00,105.43625,105.83500000000001,105.035,105.1,105.05,AAPL
2022-05-16 16:04:00,724.78075,729.7650000000001,723.505,723.725,723.0,AAPL
2022-05-16 16:03:00,724.7925,729.7650000000001,723.6517,723.725,723.25,AAPL
2022-05-16 16:03:00,105.472525,105.87495,105.1,105.1,105.06,AAPL
2022-05-16 16:03:00,47.595,47.72,47.465,47.445,47.97,AAPL
2022-05-16 16:03:00,125.63,126.19,123.92,123.925,124.39,AAPL
2022-05-16 16:03:00,95.11689999999999,95.59185,94.19999999999999,94.4975,94.1,AAPL
2022-05-16 16:03:00,145.95495,146.53495,145.33499999999998,145.45999999999998,145.32,AAPL
2022-05-16 16:02:00,145.95495,146.53495,145.33499999999998,145.45999999999998,145.36,AAPL
2022-05-16 16:02:00,112.36,112.57499999999999,112.5705,112.445,115.22,AAPL
2022-05-16 16:02:00,243.69125,244.1375,244.02499999999998,243.83999999999997,244.71,AAPL
2022-05-16 16:02:00,43.265,43.43175,43.215,43.215,44.08,AAPL
2022-05-16 16:02:00,66.094875,66.14500000000001,65.94,65.9825,66.4,AAPL
2022-05-16 16:02:00,105.56625,105.91995,105.1,105.1,105.13,AAPL
2022-05-16 16:02:00,125.655,126.19,123.87,123.925,124.1,AAPL
2022-05-16 16:02:00,95.11689999999999,95.59185,94.21000000000001,94.4975,94.1,AAPL
2022-05-16 16:01:00,95.134425,95.59185,94.33,94.4975,94.08,AAPL
2022-05-16 16:01:00,125.74000000000001,126.22,123.87,123.925,124.25,AAPL
2022-05-16 16:01:00,43.28,43.43175,43.215,43.215,44.13,AAPL
2022-05-16 16:01:00,146.0075,146.53495,145.34,145.45999999999998,145.36,AAPL
2022-05-16 16:01:00,66.095,66.15,65.96000000000001,65.9825,66.4,AAPL
2022-05-16 16:01:00,243.72125,244.1375,244.02499999999998,243.77499999999998,244.77,AAPL
2022-05-16 16:01:00,146.5659,148.0275,144.18,144.92000000000002,143.73,AAPL
2022-05-16 16:01:00,725.0812,730.57995,724.49995,723.725,723.17,AAPL
2022-05-16 16:01:00,112.3625,112.58500000000001,112.5755,112.41,115.2,AAPL
2022-05-16 16:00:00,66.104975,66.15,65.96000000000001,65.9825,66.33,AAPL
2022-05-16 16:00:00,725.9575,731.035,724.49995,723.725,723.02,AAPL
2022-05-16 16:00:00,146.77715,148.16635,144.215,144.92000000000002,143.85,AAPL
2022-05-16 16:00:00,112.44999999999999,112.66499999999999,112.5755,112.4,114.9,AAPL
2022-05-16 16:00:00,243.85750000000002,244.2175,244.02499999999998,243.7,245.34,AAPL
2022-05-16 16:00:00,43.2975,43.43175,43.215,43.215,44.13,AAPL
2022-05-16 16:00:00,125.8675,126.32,123.80000000000001,123.925,124.39,AAPL
2022-05-16 16:00:00,95.35624999999999,95.71600000000001,94.33,94.4975,94.1,AAPL
2022-05-16 16:00:00,146.1775,146.62495,145.34,145.45999999999998,145.3,AAPL
2022-05-16 15:59:00,95.4675,95.801,94.33,94.4975,94.1,AAPL
2022-05-16 15:59:00,47.63249999999999,47.7525,47.465,47.445,47.97,AAPL
2022-05-16 15:59:00,243.9475,244.2575,244.02499999999998,243.7,245.3,AAPL
2022-05-16 15:59:00,146.255,146.67995000000002,145.35500000000002,145.45999999999998,145.35,AAPL
2022-05-16 15:59:00,66.1075,66.15,65.96000000000001,65.9825,66.31,AAPL
2022-05-16 15:59:00,105.623425,105.94995,105.16499999999999,105.115,105.12,AAPL
2022-05-16 15:59:00,112.49375,112.685,112.5755,112.4,114.85,AAPL
2022-05-16 15:59:00,43.316250000000004,43.43175,43.215,43.215,44.13,AAPL
2022-05-16 15:59:00,146.8525,148.16635,144.29000000000002,144.92000000000002,143.75,AAPL
2022-05-16 15:59:00,727.050075,731.835,724.915,723.725,723.0,AAPL
2022-05-16 15:57:00,95.4777,95.8212,94.33,94.66,94.12,AAPL
2022-05-16 15:57:00,146.24965,146.67995000000002,145.35500000000002,145.58499999999998,145.38,AAPL
2022-05-16 15:55:00,95.4825,95.826,94.41,94.74,94.09,AAPL
2022-05-16 15:55:00,146.24965,146.67995000000002,145.445,145.675,145.33,AAPL
2022-05-16 15:54:00,146.26125,146.67995000000002,145.445,145.675,145.32,AAPL
2022-05-16 15:52:00,95.495,95.826,94.5375,94.8675,94.1699,AAPL
2022-05-16 15:52:00,146.26749999999998,146.67995000000002,145.47585,145.70585,145.42,AAPL
2022-05-16 15:51:00,146.3475,146.67995000000002,145.47585,145.70585,145.41,AAPL
2022-05-16 15:49:00,146.3475,146.67995000000002,145.47084999999998,145.70585,145.5099,AAPL
2022-05-16 15:49:00,95.56,95.831,94.6375,94.8675,94.17,AAPL
2022-05-16 15:48:00,146.3875,146.71994999999998,145.55585000000002,145.70585,145.5,AAPL
2022-05-16 15:46:00,95.64750000000001,95.89099999999999,94.7825,94.945,94.14,AAPL
2022-05-16 15:46:00,146.40494999999999,146.73495,145.6125,145.7375,145.5,AAPL
2022-05-16 15:44:00,95.67002500000001,95.896,94.8125,94.98,94.14,AAPL
2022-05-16 15:44:00,146.5075,146.78495,145.625,145.775,145.4,AAPL
2022-05-16 15:43:00,146.5875,146.78495,145.675,145.825,145.54,AAPL
2022-05-16 15:41:00,95.89127500000001,95.976,94.9119,95.1519,94.15,AAPL
2022-05-16 15:41:00,146.726575,146.83995,145.74915,146.03,145.37,AAPL
2022-05-16 15:40:00,146.73657500000002,146.84995,145.86,146.04500000000002,145.32,AAPL
2022-05-16 15:38:00,95.946225,96.03095,95.0269,95.1644,94.15,AAPL
2022-05-16 15:38:00,146.811575,146.92495000000002,145.86,146.04500000000002,145.44,AAPL
2022-05-16 15:37:00,146.862475,146.94995,145.86,146.0499,145.4699,AAPL
2022-05-16 15:35:00,96.129975,96.17099999999999,95.0269,95.24195,94.24,AAPL
2022-05-16 15:35:00,146.987475,147.07495,145.86,146.155,145.54,AAPL
2022-05-16 15:33:00,146.942475,147.07495,146.005,146.505,145.54,AAPL
2022-05-16 15:33:00,96.1005,96.17099999999999,95.22,95.715,94.25,AAPL
2022-05-16 15:32:00,146.944975,147.07495,146.005,146.505,145.225,AAPL
2022-05-16 15:30:00,96.10562499999999,96.17099999999999,95.225,95.74000000000001,93.9499,AAPL
2022-05-16 15:30:00,146.969975,147.07495,145.9943,146.505,145.075,AAPL
2022-05-16 15:29:00,146.969975,147.07495,145.9943,146.505,145.285,AAPL
2022-05-16 15:27:00,96.09312499999999,96.17099999999999,95.25,95.74000000000001,94.505,AAPL
2022-05-16 15:27:00,146.974975,147.05995000000001,146.03,146.505,145.4959,AAPL
2022-05-16 15:26:00,146.974975,147.05995000000001,146.03,146.505,145.5723,AAPL
2022-05-16 15:24:00,96.12927499999999,96.16615,95.37,95.74000000000001,94.51,AAPL
2022-05-16 15:24:00,147.05405,146.89995,146.19,146.505,145.46,AAPL
2022-05-16 15:22:00,96.12927499999999,96.051,95.425,95.795,94.5309,AAPL
2022-05-16 15:22:00,147.05405,146.88495,146.23,146.545,145.465,AAPL
2022-05-16 15:21:00,147.05405,146.79945,146.23,146.545,145.28,AAPL
2022-05-16 15:19:00,96.207975,95.96605,95.495,95.81,94.63,AAPL
2022-05-16 15:19:00,147.10995,146.78995,146.2999,146.61,145.4299,AAPL
2022-05-16 15:18:00,147.10995,146.78995,146.405,146.61,145.37,AAPL
2022-05-16 15:16:00,147.21745,146.78995,146.665,146.7875,145.505,AAPL
2022-05-16 15:16:00,96.266,95.96605,95.89,95.89,94.6299,AAPL
2022-05-16 15:15:00,147.21245000000002,146.78995,146.665,146.78815,145.545,AAPL
2022-05-16 15:13:00,96.26875,95.96605,95.9,95.90255,94.9783,AAPL
2022-05-16 15:13:00,147.20370000000003,146.77575000000002,146.7,146.82315,145.7501,AAPL
2022-05-16 15:11:00,96.26875,95.96605,95.94495,96.01490000000001,95.035,AAPL
2022-05-16 15:11:00,147.17624999999998,146.7508,146.77499999999998,146.94995,145.875,AAPL
2022-05-16 15:10:00,147.17624999999998,146.7508,146.785,146.95995,145.77,AAPL
2022-05-16 15:08:00,96.27275,95.96504999999999,96.11,96.17099999999999,94.86,AAPL
2022-05-16 15:08:00,147.14595,146.7255,146.89999999999998,147.07495,145.78,AAPL
2022-05-16 15:07:00,147.14345,146.7255,146.81,147.07495,145.8755,AAPL
2022-05-16 15:05:00,96.27024999999999,95.96504999999999,96.03,96.17099999999999,95.15,AAPL
2022-05-16 15:05:00,147.13094999999998,146.7255,146.825,147.07495,145.96,AAPL
2022-05-16 15:03:00,96.21275,95.96504999999999,96.04024999999999,96.17099999999999,95.32,AAPL
2022-05-16 15:03:00,147.0572,146.7255,146.865,147.07495,146.06,AAPL
2022-05-16 14:58:00,106.28875,106.2,106.1825,106.35249999999999,105.58,AAPL
2022-05-16 14:58:00,47.964775,47.935,47.8225,47.9075,47.635,AAPL
2022-05-16 14:58:00,126.4675,126.115,126.5475,126.685,125.7574,AAPL
2022-05-16 14:58:00,96.121325,95.90005,96.08755,96.17099999999999,95.245,AAPL
2022-05-16 14:58:00,146.875,146.6408,147.02814999999998,147.07995,146.05,AAPL
2022-05-16 08:48:00,,,107.65,107.495,106.47,AAPL
2022-05-16 08:48:00,146.485,146.395,147.055,147.05,146.65,AAPL
2022-05-16 08:48:00,94.57315,94.55005,94.83,94.89,94.55,AAPL
2022-05-16 08:48:00,,,127.08,127.055,127.24,AAPL
2022-05-16 08:48:00,,,47.709999999999994,47.69,47.21,AAPL
2022-05-16 08:48:00,,,156.485,154.535,156.87,AAPL
2022-05-16 08:48:00,768.295275,768.69,772.47,771.135,766.8,AAPL
2022-05-16 08:48:00,,,,,43.04,AAPL
2022-05-16 08:47:00,94.487525,94.47505000000001,94.88,94.89,94.45,AAPL
2022-05-16 08:47:00,768.19,769.515,773.0,771.135,766.0,AAPL
2022-05-16 08:47:00,,,156.485,154.535,155.37,AAPL
2022-05-16 08:47:00,,,107.755,107.47999999999999,106.3905,AAPL
2022-05-16 08:47:00,,,47.765,47.69,47.09,AAPL
2022-05-16 08:47:00,,,127.08,127.055,126.56,AAPL
2022-05-16 08:47:00,146.36489999999998,146.2924,147.14005,146.96994999999998,146.52,AAPL
2022-05-16 08:46:00,768.19,769.515,773.135,771.035,765.0001,AAPL
2022-05-16 08:46:00,,,107.645,107.465,106.57,AAPL
2022-05-16 08:46:00,,,47.775000000000006,47.69,47.11,AAPL
2022-05-16 08:46:00,94.437525,94.46505,94.92,94.89,94.43,AAPL
2022-05-16 08:46:00,146.304575,146.245,147.165,146.94,146.6002,AAPL
2022-05-16 08:45:00,146.304575,146.245,147.165,146.94,146.5613,AAPL
2022-05-16 08:45:00,,,127.08,127.055,127.0255,AAPL
2022-05-16 08:45:00,94.437525,94.46505,94.9345,94.89,94.54,AAPL
2022-05-16 08:45:00,,,,,43.07,AAPL
2022-05-16 08:45:00,768.2275,769.515,773.135,770.675,766.0,AAPL
2022-05-16 08:45:00,,,155.57,154.535,153.2455,AAPL
2022-05-16 08:44:00,768.495,769.515,773.135,770.675,767.49,AAPL
2022-05-16 08:44:00,,,65.69,,65.93,AAPL
2022-05-16 08:44:00,,,127.15605,127.055,127.33,AAPL
2022-05-16 08:44:00,94.437525,94.46505,95.03005,94.89,94.52,AAPL
2022-05-16 08:44:00,146.299575,146.245,147.165,146.93,146.51,AAPL
2022-05-16 08:43:00,,,107.645,107.465,106.705,AAPL
2022-05-16 08:43:00,768.509975,769.515,773.135,770.675,768.5,AAPL
2022-05-16 08:43:00,94.42405,94.46505,95.03005,94.89,94.6801,AAPL
2022-05-16 08:43:00,146.26,146.245,147.2,146.93,146.8348,AAPL
2022-05-16 08:42:00,768.6025,769.515,773.035,770.675,768.0217,AAPL
2022-05-16 08:42:00,,,127.15605,127.055,126.75,AAPL
2022-05-16 08:42:00,94.42405,94.46505,95.065,94.86500000000001,94.66,AAPL
2022-05-16 08:42:00,146.2527,146.245,147.2,146.89515,146.79,AAPL
2022-05-16 08:41:00,146.2527,146.245,147.2,146.89499999999998,146.71,AAPL
2022-05-16 08:41:00,,,47.775000000000006,47.69,47.1,AAPL
2022-05-16 08:41:00,94.42405,94.44,95.03999999999999,94.86500000000001,94.64,AAPL
2022-05-16 08:41:00,768.6025,769.515,772.135,770.675,768.2,AAPL
2022-05-16 08:41:00,,,107.63,107.43,106.85,AAPL
2022-05-16 08:40:00,768.6275,769.515,771.875,770.675,768.51,AAPL
2022-05-16 08:40:00,,,,,112.01,AAPL
2022-05-16 08:40:00,,,,,42.98,AAPL
2022-05-16 08:40:00,,,107.63,107.43,107.13,AAPL
2022-05-16 08:40:00,94.41255,94.44,95.005,94.86500000000001,94.6,AAPL
2022-05-16 08:40:00,146.2527,146.245,147.18,146.88664999999997,146.7,AAPL
2022-05-16 08:39:00,768.6275,769.515,771.875,770.675,768.93,AAPL
2022-05-16 08:39:00,,,65.725,,65.9768,AAPL
2022-05-16 08:39:00,,,107.61,107.43,107.27,AAPL
2022-05-16 08:39:00,,,127.15605,127.055,126.6,AAPL
2022-05-16 08:39:00,94.42505,94.44,95.005,94.81125,94.8,AAPL
2022-05-16 08:39:00,146.2327,146.245,147.18,146.87,146.87,AAPL
2022-05-16 08:38:00,94.42505,94.44,95.005,94.78999999999999,94.8,AAPL
2022-05-16 08:38:00,,,47.725,47.69,47.24,AAPL
2022-05-16 08:38:00,146.2327,146.245,147.17,146.83499999999998,146.8,AAPL
2022-05-16 08:38:00,,,127.15605,127.055,126.7,AAPL
2022-05-16 08:38:00,768.6275,769.515,771.875,770.675,768.5,AAPL
2022-05-16 08:38:00,,,107.6,107.43,107.68,AAPL
2022-05-16 08:38:00,,,155.57,,152.0201,AAPL
2022-05-16 08:37:00,768.6275,769.515,771.765,770.565,769.0,AAPL
2022-05-16 08:37:00,,,155.535,,152.544,AAPL
2022-05-16 08:37:00,,,,,112.27,AAPL
2022-05-16 08:37:00,,,107.6,107.43,107.3,AAPL
2022-05-16 08:37:00,,,127.14,127.055,126.52,AAPL
2022-05-16 08:37:00,94.42505,94.37,95.005,94.78999999999999,94.7499,AAPL
2022-05-16 08:37:00,146.2477,146.245,147.17,146.80915,146.9198,AAPL
2022-05-16 08:36:00,,,47.725,,47.45,AAPL
2022-05-16 08:36:00,94.44255,94.37,94.945,94.78999999999999,94.75,AAPL
2022-05-16 08:36:00,,,127.14,127.055,126.67,AAPL
2022-05-16 08:36:00,146.2477,146.245,147.13,146.80915,146.98,AAPL
2022-05-16 08:36:00,,,107.6,107.43,107.24,AAPL
2022-05-16 08:36:00,768.8275,769.515,771.525,770.565,770.95,AAPL
2022-05-16 08:36:00,,,,,66.0,AAPL
2022-05-16 08:35:00,,,,,66.0791,AAPL
2022-05-16 08:35:00,146.2577,146.245,147.08999999999997,146.80915,146.85,AAPL
2022-05-16 08:35:00,,,127.14,127.055,126.61,AAPL
2022-05-16 08:35:00,,,107.39,107.255,107.2838,AAPL
2022-05-16 08:35:00,94.44255,94.37,94.94,94.78999999999999,94.6213,AAPL
2022-05-16 08:35:00,,,,,241.55,AAPL
2022-05-16 08:35:00,,,155.485,,153.4,AAPL
2022-05-16 08:35:00,769.07,769.515,771.495,770.5350000000001,770.0,AAPL
2022-05-16 08:34:00,768.8525,769.515,770.86,769.9000000000001,770.1406,AAPL
2022-05-16 08:34:00,,,,,43.0,AAPL
2022-05-16 08:34:00,,,107.39,107.255,107.08,AAPL
2022-05-16 08:34:00,,,127.14,127.055,126.85,AAPL
2022-05-16 08:34:00,94.4675,94.37,94.825,94.70005,94.64,AAPL
2022-05-16 08:34:00,146.2425,146.245,147.03,146.70999999999998,146.7501,AAPL
2022-05-16 08:33:00,146.2425,146.245,147.01,146.68040000000002,146.81,AAPL
2022-05-16 08:33:00,94.49249999999999,94.37,94.745,94.62004999999999,94.68,AAPL
2022-05-16 08:33:00,,,127.09,127.015,126.8,AAPL
2022-05-16 08:33:00,,,47.71,,47.74,AAPL
2022-05-16 08:33:00,,,155.485,,153.86,AAPL
2022-05-16 08:33:00,768.665,769.515,770.46555,769.54,771.0,AAPL
2022-05-16 08:32:00,768.6375,769.515,769.5405499999999,768.615,772.28,AAPL
2022-05-16 08:32:00,,,155.03,,154.4897,AAPL
2022-05-16 08:32:00,,,127.03999999999999,127.015,126.85,AAPL
2022-05-16 08:32:00,94.495,94.37,94.7,94.57505,94.62,AAPL
2022-05-16 08:32:00,146.2425,146.245,146.93,146.6004,146.82,AAPL
2022-05-16 08:31:00,768.5875000000001,769.565,769.075,768.615,772.78,AAPL
2022-05-16 08:31:00,,,107.265,107.18,107.2765,AAPL
2022-05-16 08:31:00,94.495,94.37,94.7,94.57505,94.65,AAPL
2022-05-16 08:31:00,146.2425,146.245,146.93,146.6004,146.78,AAPL
2022-05-16 08:30:00,,,107.265,107.18,107.4,AAPL
2022-05-16 08:30:00,146.245,146.245,146.84995,146.6004,146.97,AAPL
2022-05-16 08:30:00,94.49000000000001,94.34,94.7,94.57505,94.7,AAPL
2022-05-16 08:30:00,,,47.71,,47.755,AAPL
2022-05-16 08:30:00,,,,,43.0,AAPL
2022-05-16 08:30:00,768.5675,770.2249999999999,769.075,768.615,770.0,AAPL
2022-05-16 08:30:00,,,155.03,,155.44,AAPL
2022-05-16 08:29:00,,,107.185,107.075,107.06,AAPL
2022-05-16 08:29:00,146.245,146.245,146.745,146.5254,147.0,AAPL
2022-05-16 08:29:00,,,47.69,,47.82,AAPL
2022-05-16 08:29:00,94.49000000000001,94.34,94.7,94.57505,94.7601,AAPL
2022-05-16 08:29:00,,,154.98000000000002,,156.43,AAPL
2022-05-16 08:29:00,768.5350000000001,770.2249999999999,768.9,768.59,770.0,AAPL
2022-05-16 08:28:00,768.5350000000001,770.2249999999999,768.54,768.59,769.41,AAPL
2022-05-16 08:28:00,,,107.155,107.045,107.15,AAPL
2022-05-16 08:28:00,,,127.03999999999999,127.0,126.6,AAPL
2022-05-16 08:28:00,94.47999999999999,94.34,94.7,94.57505,94.82,AAPL
2022-05-16 08:28:00,146.245,146.245,146.745,146.5254,147.0,AAPL
2022-05-16 08:27:00,,,127.015,126.98,126.66,AAPL
2022-05-16 08:27:00,146.245,146.245,146.685,146.4754,147.0,AAPL
2022-05-16 08:27:00,94.505,94.34,94.7,94.57505,94.7625,AAPL
2022-05-16 08:27:00,,,107.155,106.92,107.0,AAPL
2022-05-16 08:27:00,,,47.69,,47.89,AAPL
2022-05-16 08:27:00,768.4775,770.2249999999999,768.29,768.59,770.48,AAPL
2022-05-16 08:26:00,,,107.155,106.91499999999999,107.12,AAPL
2022-05-16 08:26:00,,,47.675,,47.89,AAPL
2022-05-16 08:26:00,,,127.01495,126.89994999999999,126.66,AAPL
2022-05-16 08:26:00,94.5075,94.34,94.7,94.57505,94.815,AAPL
2022-05-16 08:26:00,146.245,146.245,146.685,146.4754,147.01,AAPL
2022-05-16 08:25:00,768.16,770.2249999999999,768.29,768.59,770.5,AAPL
2022-05-16 08:25:00,,,107.13034999999999,106.90535,107.68,AAPL
2022-05-16 08:25:00,,,47.66,,47.63,AAPL
2022-05-16 08:25:00,,,127.01495,126.89994999999999,126.66,AAPL
2022-05-16 08:25:00,94.5075,94.34,94.67500000000001,94.57505,94.8,AAPL
2022-05-16 08:25:00,146.3325,146.245,146.65015,146.445,146.94,AAPL
2022-05-16 08:24:00,94.5075,94.34,94.67500000000001,94.57505,94.83,AAPL
2022-05-16 08:24:00,146.3325,146.215,146.65,146.445,147.0,AAPL
2022-05-16 08:24:00,,,126.965,126.85,126.93,AAPL
2022-05-16 08:24:00,768.445,770.2249999999999,768.29,768.59,770.1,AAPL
2022-05-16 08:24:00,,,107.065,106.85499999999999,107.33,AAPL
2022-05-16 08:23:00,768.445,770.2249999999999,768.29,768.59,771.4,AAPL
2022-05-16 08:23:00,,,126.965,126.85,126.76,AAPL
2022-05-16 08:23:00,94.5075,94.34,94.65,94.55005,94.71,AAPL
2022-05-16 08:23:00,146.3325,146.155,146.64165,146.445,147.0,AAPL
2022-05-16 08:22:00,,,153.84,,156.97,AAPL
2022-05-16 08:22:00,768.445,770.2249999999999,768.2850000000001,768.59,771.0,AAPL
2022-05-16 08:22:00,94.5075,94.34,94.59625,94.55005,94.7,AAPL
2022-05-16 08:22:00,146.32,146.155,146.575,146.395,146.9,AAPL
2022-05-16 08:21:00,768.445,770.21,768.00055,768.59,771.0,AAPL
2022-05-16 08:21:00,,,126.965,,127.0,AAPL
2022-05-16 08:21:00,94.5075,94.38,94.5,94.47505000000001,94.81,AAPL
2022-05-16 08:21:00,146.2625,146.13,146.4374,146.2924,147.0,AAPL
2022-05-16 08:20:00,146.245,146.13,146.36415,146.245,147.05,AAPL
2022-05-16 08:20:00,,,,,66.05,AAPL
2022-05-16 08:20:00,,,107.03,106.82,107.2,AAPL
2022-05-16 08:20:00,94.51,94.4,94.44999999999999,94.42505,94.81,AAPL
2022-05-16 08:20:00,,,,,111.87,AAPL
2022-05-16 08:20:00,768.885,769.9,767.79,768.59,772.0,AAPL
2022-05-16 08:19:00,769.1225,769.8599999999999,767.79,768.59,772.61,AAPL
2022-05-16 08:19:00,,,,,66.01,AAPL
2022-05-16 08:19:00,94.525,94.41,94.44999999999999,94.42505,94.8,AAPL
2022-05-16 08:19:00,146.245,146.13,146.36415,146.245,147.065,AAPL
2022-05-16 08:18:00,94.5175,94.435,94.44999999999999,94.42505,94.85,AAPL
2022-05-16 08:18:00,146.245,146.13,146.35415,146.245,147.13,AAPL
2022-05-16 08:18:00,,,47.66,,47.645,AAPL
2022-05-16 08:18:00,,,106.995,106.82,107.28,AAPL
2022-05-16 08:18:00,769.1324999999999,769.2049999999999,767.85,768.605,772.0,AAPL
2022-05-16 08:17:00,769.255,769.0,768.385,768.605,772.49,AAPL
2022-05-16 08:17:00,,,106.995,106.82,107.4,AAPL
2022-05-16 08:17:00,,,47.66,,47.535,AAPL
2022-05-16 08:17:00,,,126.965,,126.82,AAPL
2022-05-16 08:17:00,94.5175,94.44,94.42305,94.42505,94.7801,AAPL
2022-05-16 08:17:00,146.2425,146.13,146.27499999999998,146.245,147.19,AAPL
2022-05-16 08:16:00,94.5175,94.44,94.42305,94.42505,94.95,AAPL
2022-05-16 08:16:00,146.23000000000002,146.13,146.2604,146.245,147.14,AAPL
2022-05-16 08:16:00,769.255,768.76,768.4149500000001,768.605,773.0,AAPL
2022-05-16 08:16:00,,,106.995,106.82,107.41,AAPL
2022-05-16 08:15:00,,,106.995,,107.49,AAPL
2022-05-16 08:15:00,94.49000000000001,94.44,94.42305,94.42505,94.9,AAPL
2022-05-16 08:15:00,146.2175,146.13,146.2604,146.245,147.04,AAPL
2022-05-16 08:14:00,769.255,768.76,768.6,768.605,772.13,AAPL
2022-05-16 08:14:00,,,106.98,,107.45,AAPL
2022-05-16 08:14:00,,,47.625,,47.59,AAPL
2022-05-16 08:14:00,,,126.965,,126.88,AAPL
2022-05-16 08:14:00,94.4925,94.44,94.40005,94.42505,94.87,AAPL
2022-05-16 08:14:00,146.2175,146.13,146.2604,146.245,147.16,AAPL
2022-05-16 08:13:00,769.38,768.76,768.6,768.605,772.02,AAPL
2022-05-16 08:13:00,,,154.07999999999998,,155.5,AAPL
2022-05-16 08:13:00,146.2175,146.13,146.22039999999998,146.245,147.29,AAPL
2022-05-16 08:12:00,,,126.94,,127.0,AAPL
2022-05-16 08:12:00,146.2175,146.13,146.22039999999998,146.245,147.31,AAPL
2022-05-16 08:12:00,94.495,94.44,94.42505,94.42505,94.96,AAPL
2022-05-16 08:12:00,,,154.20499999999998,,156.0,AAPL
2022-05-16 08:12:00,769.255,768.76,768.6500000000001,768.605,772.0,AAPL
2022-05-16 08:11:00,769.0125,768.76,768.6500000000001,768.605,774.0,AAPL
2022-05-16 08:11:00,,,126.94,,127.0,AAPL
2022-05-16 08:11:00,94.5,94.44,94.42505,94.42505,95.01,AAPL
2022-05-16 08:11:00,146.2425,146.13,146.2504,146.245,147.25,AAPL
2022-05-16 08:10:00,,,126.94,,127.01,AAPL
2022-05-16 08:10:00,94.48,94.44,94.42505,94.42505,95.06,AAPL
2022-05-16 08:10:00,146.255,146.13,146.2504,146.245,147.27,AAPL
2022-05-16 08:09:00,769.0125,767.8399999999999,768.6500000000001,768.605,774.0,AAPL
2022-05-16 08:09:00,,,126.94,,127.12,AAPL
2022-05-16 08:09:00,94.48,94.44,94.42505,94.46005,95.03,AAPL
2022-05-16 08:09:00,146.255,146.13,146.2704,146.245,147.38,AAPL
2022-05-16 08:08:00,94.48,94.44,94.42505,94.46005,95.2794,AAPL
2022-05-16 08:08:00,146.255,146.13,146.24,146.245,147.3,AAPL
2022-05-16 08:07:00,94.48,94.44,94.44999999999999,94.485,95.15,AAPL
2022-05-16 08:07:00,146.265,146.13,146.24,146.245,147.31,AAPL
2022-05-16 08:07:00,,,126.975,,127.0,AAPL
2022-05-16 08:07:00,769.0125,767.8399999999999,768.6500000000001,768.605,773.99,AAPL
2022-05-16 08:07:00,,,106.95500000000001,,107.566,AAPL
2022-05-16 08:06:00,146.27499999999998,146.13,146.24,146.245,146.97,AAPL
2022-05-16 08:06:00,,,154.20499999999998,,155.73,AAPL
2022-05-16 08:06:00,,,,,66.0,AAPL
2022-05-16 08:06:00,,,47.625,,47.67,AAPL
2022-05-16 08:06:00,,,126.975,,126.99,AAPL
2022-05-16 08:06:00,94.4675,94.44,94.475,94.50999999999999,94.99,AAPL
2022-05-16 08:05:00,769.0125,767.8399999999999,769.05,768.605,773.7,AAPL
2022-05-16 08:05:00,94.44749999999999,94.44,94.475,94.515,94.79,AAPL
2022-05-16 08:05:00,146.27499999999998,146.13,146.24,146.245,147.07,AAPL
2022-05-16 08:04:00,,,153.625,,155.52,AAPL
2022-05-16 08:04:00,146.27499999999998,146.075,146.245,146.245,147.15,AAPL
2022-05-16 08:04:00,94.44749999999999,94.44,94.475,94.515,94.8,AAPL
2022-05-16 08:04:00,769.0899999999999,767.8399999999999,769.5350000000001,768.605,773.99,AAPL
2022-05-16 08:03:00,146.26999999999998,146.075,146.245,146.245,146.95,AAPL
2022-05-16 08:03:00,94.4325,94.44,94.465,94.515,94.87,AAPL
2022-05-16 08:03:00,769.1025,767.8399999999999,769.1,768.605,772.7172,AAPL
2022-05-16 08:02:00,,,,,112.06,AAPL
2022-05-16 08:02:00,94.4325,94.44,94.465,94.515,94.8,AAPL
2022-05-16 08:02:00,146.2825,146.075,146.245,146.245,146.99,AAPL
2022-05-16 08:02:00,769.1025,767.8399999999999,768.725,768.605,772.0,AAPL
2022-05-16 08:01:00,769.1025,767.46,768.6700000000001,768.605,769.5,AAPL
2022-05-16 08:01:00,,,47.605000000000004,,47.67,AAPL
2022-05-16 08:01:00,,,126.975,,126.88,AAPL
2022-05-16 08:01:00,94.4075,94.44,94.445,94.515,94.61,AAPL
2022-05-16 08:01:00,146.2825,146.075,146.245,146.245,146.85,AAPL
2022-05-16 08:00:00,94.39999999999999,94.44,94.47,94.54,94.61,AAPL
2022-05-16 08:00:00,,,106.91499999999999,,107.6,AAPL
2022-05-16 08:00:00,146.2575,146.075,146.245,146.245,146.79,AAPL
2022-05-16 08:00:00,,,126.925,,127.15,AAPL
2022-05-16 08:00:00,,,,,43.165,AAPL
2022-05-16 08:00:00,769.1275,767.22,768.62,768.5550000000001,769.99,AAPL
2022-05-16 07:59:00,770.13,766.46,768.62,768.515,770.15,AAPL
2022-05-16 07:59:00,,,153.625,,155.3001,AAPL
2022-05-16 07:59:00,,,126.9,,127.24,AAPL
2022-05-16 07:59:00,146.2475,146.075,146.375,146.29000000000002,146.81,AAPL
2022-05-16 07:57:00,146.235,146.075,146.375,146.29000000000002,146.8,AAPL
2022-05-16 07:56:00,770.3625,765.425,768.5550000000001,768.515,770.0,AAPL
2022-05-16 07:56:00,94.39999999999999,94.43,94.475,94.54,94.7,AAPL
2022-05-16 07:56:00,146.215,146.075,146.375,146.29000000000002,146.86,AAPL
2022-05-16 07:54:00,146.215,146.075,146.35,146.29000000000002,146.8,AAPL
2022-05-16 07:54:00,,,126.845,,127.28,AAPL
2022-05-16 07:54:00,94.37,94.39,94.475,94.54,94.78,AAPL
2022-05-16 07:50:00,,,106.93,,107.61,AAPL
2022-05-16 07:50:00,94.315,94.39,94.48,94.54,94.6,AAPL
2022-05-16 07:50:00,146.2275,146.075,146.28,146.245,146.5948,AAPL
2022-05-16 07:50:00,,,153.625,,155.5,AAPL
2022-05-16 07:49:00,146.2275,146.075,146.245,146.245,146.5,AAPL
2022-05-16 07:49:00,,,126.765,,127.28,AAPL
2022-05-16 07:49:00,,,153.70499999999998,,155.0309,AAPL
2022-05-16 07:48:00,,,154.0,,155.0289,AAPL
2022-05-16 07:48:00,146.2425,146.075,146.245,146.245,146.5,AAPL
2022-05-16 07:47:00,146.2175,146.075,146.245,146.245,146.48,AAPL
2022-05-16 07:45:00,770.3625,765.425,767.655,768.665,769.0,AAPL
2022-05-16 07:45:00,94.35249999999999,94.39,94.535,94.515,94.5,AAPL
2022-05-16 07:45:00,146.2025,146.075,146.24,146.245,146.48,AAPL
2022-05-16 07:44:00,94.3675,94.345,94.535,94.5,94.5,AAPL
2022-05-16 07:44:00,146.2,146.075,146.215,146.245,146.4,AAPL
2022-05-16 07:43:00,770.04,765.425,768.2,768.69,769.23,AAPL
2022-05-16 07:43:00,146.2,146.075,146.19,146.245,146.3833,AAPL
2022-05-16 07:42:00,94.37,94.28,94.535,94.5,94.49,AAPL
2022-05-16 07:42:00,146.2,146.075,146.19,146.245,146.47,AAPL
2022-05-16 07:41:00,770.0174999999999,765.425,768.2,768.69,769.5,AAPL
2022-05-16 07:41:00,94.37,94.28,94.535,94.5,94.53,AAPL
2022-05-16 07:41:00,146.2,146.135,146.19,146.245,146.29,AAPL
2022-05-16 07:39:00,94.37,,94.545,94.44,94.55,AAPL
2022-05-16 07:39:00,146.135,146.135,146.17000000000002,146.265,146.3,AAPL
2022-05-16 07:38:00,,,126.765,,127.2799,AAPL
2022-05-16 07:38:00,146.115,146.155,146.22000000000003,146.265,146.29,AAPL
2022-05-16 07:38:00,,,47.61,,47.57,AAPL
2022-05-16 07:37:00,769.8625,,768.2,768.69,768.9211,AAPL
2022-05-16 07:37:00,146.07999999999998,146.185,146.245,146.265,146.29,AAPL
2022-05-16 07:35:00,94.355,,94.55000000000001,94.44,94.34,AAPL
2022-05-16 07:35:00,146.07,146.185,146.245,146.265,146.23,AAPL
2022-05-16 07:34:00,,,,,43.34,AAPL
2022-05-16 07:34:00,,,47.61,,47.64,AAPL
2022-05-16 07:34:00,146.06,146.185,146.245,146.265,146.1,AAPL
2022-05-16 07:33:00,769.6875,,768.73,769.515,767.61,AAPL
2022-05-16 07:33:00,,,47.620000000000005,,47.68,AAPL
2022-05-16 07:33:00,146.045,146.185,146.26,146.26999999999998,146.1,AAPL
2022-05-16 07:32:00,769.3599999999999,,768.75,769.515,767.3,AAPL
2022-05-16 07:32:00,146.015,146.185,146.28,146.26999999999998,146.17,AAPL
2022-05-16 07:31:00,145.97750000000002,146.185,146.28,146.26999999999998,146.3,AAPL
2022-05-16 07:31:00,94.355,,94.56,94.44,94.3109,AAPL
2022-05-16 07:31:00,768.7574999999999,,768.995,769.515,767.3,AAPL
2022-05-16 07:31:00,,,47.620000000000005,,47.63,AAPL
2022-05-16 07:29:00,,,154.0,,155.45,AAPL
2022-05-16 07:29:00,,,106.93,,107.65,AAPL
2022-05-16 07:29:00,,,126.775,,127.0321,AAPL
2022-05-16 07:29:00,94.355,,94.59,94.37,94.3,AAPL
2022-05-16 07:29:00,145.95,146.185,146.28,146.26999999999998,146.2601,AAPL
2022-05-16 07:27:00,94.3125,,94.59,94.37,94.3,AAPL
2022-05-16 07:27:00,145.95250000000001,146.185,146.28,146.26,146.3,AAPL
2022-05-16 07:26:00,,,106.905,,107.65,AAPL
2022-05-16 07:26:00,,,,,47.52,AAPL
2022-05-16 07:26:00,94.3075,,94.565,94.37,94.53,AAPL
2022-05-16 07:26:00,145.95250000000001,146.185,146.305,146.26,146.35,AAPL
2022-05-16 07:25:00,,,,,127.28,AAPL
2022-05-16 07:25:00,145.9725,146.185,146.305,146.26,146.49,AAPL
2022-05-16 07:25:00,,,106.905,,107.64,AAPL
2022-05-16 07:23:00,,,106.775,,107.75,AAPL
2022-05-16 07:23:00,145.9725,146.185,146.27499999999998,146.24,146.23,AAPL
2022-05-16 07:22:00,94.3125,,94.545,94.35,94.5,AAPL
2022-05-16 07:22:00,145.9725,146.185,146.27499999999998,146.22,146.3996,AAPL
2022-05-16 07:21:00,768.7625,,768.995,769.515,768.5,AAPL
2022-05-16 07:21:00,94.3425,,94.545,94.35,94.5399,AAPL
2022-05-16 07:21:00,145.9725,146.185,146.28,146.19,146.36,AAPL
2022-05-16 07:20:00,768.9549999999999,,769.245,769.515,768.0,AAPL
2022-05-16 07:20:00,,,,,155.41,AAPL
2022-05-16 07:20:00,145.995,146.185,146.3,146.13,146.31,AAPL
2022-05-16 07:19:00,769.205,,768.995,769.515,767.5,AAPL
2022-05-16 07:19:00,94.41,,94.545,94.32,94.55,AAPL
2022-05-16 07:19:00,146.0,146.185,146.3,146.13,146.5,AAPL
2022-05-16 07:18:00,145.995,146.185,146.325,146.13,146.28,AAPL
2022-05-16 07:18:00,94.42,,94.545,94.32,94.58,AAPL
2022-05-16 07:17:00,,,106.775,,107.75,AAPL
2022-05-16 07:17:00,145.95499999999998,146.185,146.325,146.13,146.36,AAPL
2022-05-16 07:17:00,,,,,65.97,AAPL
2022-05-16 07:17:00,769.535,,768.51,769.515,767.6,AAPL
2022-05-16 07:16:00,94.425,,94.495,94.32,94.4801,AAPL
2022-05-16 07:16:00,145.95,146.185,146.355,146.13,146.33,AAPL
2022-05-16 07:15:00,94.4375,,94.47999999999999,94.32,94.41,AAPL
2022-05-16 07:15:00,145.96,146.185,146.305,146.13,146.36,AAPL
2022-05-16 07:14:00,,,106.775,,107.33,AAPL
2022-05-16 07:14:00,94.54,,94.47999999999999,94.32,94.41,AAPL
2022-05-16 07:14:00,145.965,146.185,146.27499999999998,146.13,146.33,AAPL
2022-05-16 07:13:00,,,106.775,,107.65,AAPL
2022-05-16 07:13:00,145.95999999999998,146.185,146.26999999999998,146.13,146.35,AAPL
2022-05-16 07:10:00,769.4925,,768.51,769.515,767.2,AAPL
2022-05-16 07:10:00,,,,,241.14,AAPL
2022-05-16 07:10:00,94.4725,,94.42,94.32,94.54,AAPL
2022-05-16 07:10:00,145.95999999999998,146.185,146.26999999999998,146.13,146.3,AAPL
2022-05-16 07:09:00,94.5375,,94.42,94.32,94.43,AAPL
2022-05-16 07:09:00,145.98000000000002,146.185,146.26999999999998,146.13,146.2,AAPL
2022-05-16 07:09:00,769.3525,,768.51,769.515,768.0,AAPL
2022-05-16 07:08:00,769.15,,768.665,769.515,769.6299,AAPL
2022-05-16 07:08:00,,,106.775,,107.3,AAPL
2022-05-16 07:08:00,145.99,146.185,146.26999999999998,146.13,146.27,AAPL
2022-05-16 07:07:00,769.15,,768.69,769.515,768.97,AAPL
2022-05-16 07:07:00,94.49000000000001,,94.35,94.27000000000001,94.42,AAPL
2022-05-16 07:07:00,145.99,146.185,146.2,146.07,146.2,AAPL
2022-05-16 07:06:00,769.0775,,768.69,769.515,769.71,AAPL
2022-05-16 07:06:00,,,106.775,,107.5,AAPL
2022-05-16 07:06:00,,,,,127.2,AAPL
2022-05-16 07:06:00,94.49000000000001,,94.34,94.38,94.4,AAPL
2022-05-16 07:06:00,146.015,146.185,146.18,146.05,146.15,AAPL
2022-05-16 07:05:00,146.075,146.185,146.14499999999998,146.015,146.22,AAPL
2022-05-16 07:05:00,768.8875,,768.69,769.515,769.75,AAPL
2022-05-16 07:05:00,94.49000000000001,,94.23,94.4,94.4,AAPL
2022-05-16 07:04:00,,,,,47.56,AAPL
2022-05-16 07:04:00,146.075,146.165,146.125,146.015,146.15,AAPL
2022-05-16 07:04:00,768.715,,768.69,769.565,769.0,AAPL
2022-05-16 07:02:00,766.9124999999999,,770.5,770.2249999999999,770.0,AAPL
2022-05-16 07:02:00,,,,,127.2,AAPL
2022-05-16 07:02:00,94.4675,,94.30000000000001,94.435,94.45,AAPL
2022-05-16 07:02:00,146.075,146.165,146.10500000000002,146.015,146.08,AAPL
2022-05-16 07:01:00,765.605,,770.5,770.2249999999999,770.0,AAPL
2022-05-16 07:01:00,94.39250000000001,,94.30000000000001,94.44,94.5,AAPL
2022-05-16 07:01:00,146.075,146.165,146.075,146.015,146.11,AAPL
2022-05-16 07:00:00,764.6574999999999,,770.5,770.2249999999999,769.78,AAPL
2022-05-16 07:00:00,,,106.775,,107.34,AAPL
2022-05-16 07:00:00,,,,,127.2,AAPL
2022-05-16 07:00:00,94.35750000000002,,94.30000000000001,94.44,94.5,AAPL
2022-05-16 07:00:00,146.075,146.165,146.015,146.015,146.26,AAPL
2022-05-16 06:59:00,146.075,146.165,145.975,145.98000000000002,146.25,AAPL
2022-05-16 06:59:00,,,,,47.61,AAPL
2022-05-16 06:59:00,,,,,155.5,AAPL
2022-05-16 06:56:00,,,,,155.92,AAPL
2022-05-16 06:56:00,146.1325,146.165,145.975,145.925,146.25,AAPL
2022-05-16 06:51:00,146.1325,146.165,145.98000000000002,145.925,146.25,AAPL
2022-05-16 06:41:00,764.3525,,769.855,770.2249999999999,767.35,AAPL
2022-05-16 06:41:00,,,,,47.72,AAPL
2022-05-16 06:41:00,,,94.30000000000001,94.44,94.41,AAPL
2022-05-16 06:41:00,146.2825,146.165,145.98000000000002,145.925,146.4,AAPL
2022-05-16 06:39:00,764.3525,,769.81,770.2249999999999,767.24,AAPL
2022-05-16 06:39:00,146.2925,146.165,145.98000000000002,145.96499999999997,146.41,AAPL
2022-05-16 06:38:00,764.7075,,769.515,770.2249999999999,767.4,AAPL
2022-05-16 06:38:00,,,,,107.24,AAPL
2022-05-16 06:38:00,146.285,146.17000000000002,145.98000000000002,145.96499999999997,146.35,AAPL
2022-05-16 06:36:00,146.29250000000002,,145.98000000000002,145.96499999999997,146.26,AAPL
2022-05-16 06:36:00,,,94.27000000000001,94.44,94.42,AAPL
2022-05-16 06:33:00,146.3,,145.98000000000002,145.96499999999997,146.26,AAPL
2022-05-16 06:31:00,146.3275,,146.025,145.96499999999997,146.32,AAPL
2022-05-16 06:29:00,146.3675,,146.035,145.96499999999997,146.33,AAPL
2022-05-16 06:29:00,,,94.27000000000001,94.44,94.5,AAPL
2022-05-16 06:28:00,,,94.2,94.44,94.67,AAPL
2022-05-16 06:28:00,146.365,,146.01,145.98,146.3,AAPL
2022-05-16 06:28:00,,,769.515,770.21,767.5,AAPL
2022-05-16 06:26:00,,,94.175,94.44,94.67,AAPL
2022-05-16 06:26:00,146.375,,145.93,145.98,146.2,AAPL
2022-05-16 06:22:00,146.41500000000002,,145.92000000000002,145.98,146.3,AAPL
2022-05-16 06:20:00,,,769.515,769.9,767.4,AAPL
2022-05-16 06:20:00,146.41500000000002,,145.92000000000002,146.0,146.34,AAPL
2022-05-16 06:18:00,,,769.515,769.2049999999999,768.0,AAPL
2022-05-16 06:18:00,146.425,,145.92000000000002,146.01,146.3,AAPL
2022-05-16 06:17:00,146.425,,145.89499999999998,146.02499999999998,146.35,AAPL
2022-05-16 06:15:00,,,768.515,769.0,768.0,AAPL
2022-05-16 06:15:00,146.43,,145.89499999999998,146.02499999999998,146.4,AAPL
2022-05-16 06:12:00,146.45749999999998,,145.905,146.055,146.35,AAPL
2022-05-16 06:11:00,146.45749999999998,,145.845,146.135,146.45,AAPL
2022-05-16 06:10:00,146.4225,,145.845,146.135,146.33,AAPL
2022-05-16 06:10:00,,,94.245,94.44,94.56,AAPL
2022-05-16 06:09:00,146.365,,145.875,146.155,146.29,AAPL
2022-05-16 06:08:00,,,768.515,768.76,769.29,AAPL
2022-05-16 06:08:00,146.29500000000002,,145.96499999999997,146.185,146.18,AAPL
2022-05-16 06:05:00,146.2375,,145.96499999999997,146.185,146.1,AAPL
2022-05-16 06:03:00,,,768.765,768.76,768.0,AAPL
2022-05-16 06:03:00,,,94.41,94.44,94.5,AAPL
2022-05-16 06:03:00,146.23499999999999,,145.96499999999997,146.185,146.09,AAPL
2022-05-16 06:02:00,146.22,,145.96499999999997,146.185,146.12,AAPL
2022-05-16 06:00:00,146.20000000000002,,145.96499999999997,146.185,146.15,AAPL
2022-05-16 05:58:00,,,769.15,768.76,768.5,AAPL
2022-05-16 05:58:00,,,94.435,94.44,94.5,AAPL
2022-05-16 05:58:00,146.19,,145.96499999999997,146.185,146.14,AAPL
2022-05-16 05:57:00,146.145,,146.03,146.235,146.1,AAPL
2022-05-16 05:53:00,146.095,,146.03,146.235,146.11,AAPL
2022-05-16 05:50:00,,,94.555,94.525,94.5,AAPL
2022-05-16 05:50:00,146.02,,146.18,146.385,146.11,AAPL
2022-05-16 05:47:00,146.02,,146.2,146.385,146.03,AAPL
2022-05-16 05:45:00,146.14000000000001,,146.20999999999998,146.36,145.99,AAPL
2022-05-16 05:44:00,,,146.23000000000002,146.355,145.93,AAPL
2022-05-16 05:39:00,,,146.245,146.355,145.81,AAPL
2022-05-16 05:38:00,,,770.31,767.8399999999999,769.46,AAPL
2022-05-16 05:38:00,,,146.3,146.355,145.9,AAPL
2022-05-16 05:37:00,,,146.38,146.355,146.14,AAPL
2022-05-16 05:36:00,,,146.385,146.345,146.15,AAPL
2022-05-16 05:30:00,,,146.405,146.345,146.0,AAPL
2022-05-16 05:29:00,,,146.485,146.345,145.92,AAPL
2022-05-16 05:28:00,,,146.485,146.345,145.92,AAPL
2022-05-16 05:26:00,,,771.145,767.8399999999999,769.5,AAPL
2022-05-16 05:26:00,,,146.505,146.345,145.98,AAPL
2022-05-16 05:25:00,,,146.505,146.345,145.92,AAPL
2022-05-16 05:25:00,,,94.685,94.39,94.64,AAPL
2022-05-16 05:23:00,,,146.515,146.345,145.95,AAPL
2022-05-16 05:23:00,,,,,107.28,AAPL
2022-05-16 05:23:00,,,770.865,767.8399999999999,769.0,AAPL
2022-05-16 05:21:00,,,146.57,146.345,145.95,AAPL
2022-05-16 05:17:00,,,770.46,767.8399999999999,769.99,AAPL
2022-05-16 05:17:00,,,146.57,146.345,145.95,AAPL
2022-05-16 05:16:00,,,146.56,146.285,145.86,AAPL
2022-05-16 05:15:00,,,146.475,146.255,145.9,AAPL
2022-05-16 05:09:00,,,770.46,767.8399999999999,769.0,AAPL
2022-05-16 05:09:00,,,146.365,146.22500000000002,145.89,AAPL
2022-05-16 05:07:00,,,146.335,146.14,145.94,AAPL
2022-05-16 05:05:00,,,94.59,94.39,94.48,AAPL
2022-05-16 05:05:00,,,146.32999999999998,146.14,145.84,AAPL
2022-05-16 05:01:00,,,94.59,94.345,94.36,AAPL
2022-05-16 05:01:00,,,146.315,146.125,145.9,AAPL
2022-05-16 05:01:00,,,769.13,764.6949999999999,769.25,AAPL
2022-05-16 05:00:00,,,94.545,94.24000000000001,94.4,AAPL
2022-05-16 05:00:00,,,146.29500000000002,146.10500000000002,145.99,AAPL
2022-05-16 05:00:00,,,767.495,763.7149999999999,769.61,AAPL
2022-05-16 04:59:00,,,146.285,146.095,145.7,AAPL
2022-05-16 04:59:00,,,94.51,94.20500000000001,94.34,AAPL
2022-05-16 04:59:00,,,766.4449999999999,762.8699999999999,770.0,AAPL
2022-05-16 04:54:00,,,766.02,762.685,769.88,AAPL
2022-05-16 04:54:00,,,,,127.17,AAPL
2022-05-16 04:54:00,,,146.235,146.055,145.9,AAPL
2022-05-16 04:53:00,,,,,107.03,AAPL
2022-05-16 04:53:00,,,146.185,146.005,145.8,AAPL
2022-05-16 04:51:00,,,765.3,,772.0,AAPL
2022-05-16 04:51:00,,,146.11,145.93,146.23,AAPL
2022-05-16 04:45:00,,,146.11,145.93,146.19,AAPL
2022-05-16 04:41:00,,,764.155,,769.5,AAPL
2022-05-16 04:41:00,,,146.11,146.17000000000002,146.11,AAPL
2022-05-16 04:40:00,,,94.36,,94.35,AAPL
2022-05-16 04:40:00,,,146.11,,146.11,AAPL
2022-05-16 04:38:00,,,,,156.0,AAPL
2022-05-16 04:38:00,,,,,112.14,AAPL
2022-05-16 04:38:00,,,146.11,,146.14,AAPL
2022-05-16 04:38:00,,,764.155,,767.71,AAPL
2022-05-16 04:33:00,,,763.01,,770.0,AAPL
2022-05-16 04:33:00,,,146.10000000000002,,146.19,AAPL
2022-05-16 04:31:00,,,146.085,,146.19,AAPL
2022-05-16 04:30:00,,,761.75,,768.0,AAPL
2022-05-16 04:30:00,,,146.025,,146.25,AAPL
2022-05-16 04:29:00,,,145.995,,146.2,AAPL
2022-05-16 04:27:00,,,145.99,,146.3,AAPL
2022-05-16 04:27:00,,,94.315,,94.4,AAPL
2022-05-16 04:27:00,,,760.7149999999999,,767.2,AAPL
2022-05-16 04:26:00,,,94.22,,94.37,AAPL
2022-05-16 04:26:00,,,145.905,,146.3,AAPL
2022-05-16 04:25:00,,,145.905,,146.34,AAPL
2022-05-16 04:21:00,,,760.7149999999999,,770.0,AAPL
2022-05-16 04:21:00,,,145.875,,146.34,AAPL
2022-05-16 04:21:00,,,,,127.1999,AAPL
2022-05-16 04:19:00,,,94.08000000000001,,94.0,AAPL
2022-05-16 04:19:00,,,145.875,,146.36,AAPL
2022-05-16 04:19:00,,,760.7149999999999,,770.0,AAPL
2022-05-16 04:17:00,,,94.075,,94.11,AAPL
2022-05-16 04:17:00,,,145.875,,146.57,AAPL
2022-05-16 04:15:00,,,760.005,,771.27,AAPL
2022-05-16 04:15:00,,,94.06,,94.07,AAPL
2022-05-16 04:15:00,,,145.875,,146.56,AAPL
2022-05-16 04:14:00,,,763.7,,772.08,AAPL
2022-05-16 04:14:00,,,93.995,,94.0,AAPL
2022-05-16 04:14:00,,,145.85500000000002,,146.61,AAPL
2022-05-16 04:13:00,,,145.85500000000002,,146.67,AAPL
2022-05-16 04:12:00,,,93.845,,94.25,AAPL
2022-05-16 04:12:00,,,145.85500000000002,,146.55,AAPL
2022-05-16 04:10:00,,,146.185,,146.5,AAPL
2022-05-16 04:10:00,,,93.845,,94.35,AAPL
2022-05-16 04:10:00,,,,,772.88,AAPL
2022-05-16 04:08:00,,,,,155.9,AAPL
2022-05-16 04:08:00,,,,,94.49,AAPL
2022-05-16 04:08:00,,,,,146.47,AAPL
2022-05-16 04:07:00,,,,,773.01,AAPL
2022-05-16 04:07:00,,,,,94.73,AAPL
2022-05-16 04:07:00,,,,,146.59,AAPL
2022-05-16 04:06:00,,,,,771.8,AAPL
2022-05-16 04:06:00,,,,,94.8,AAPL
2022-05-16 04:06:00,,,,,146.55,AAPL
2022-05-16 04:05:00,,,,,769.4,AAPL
2022-05-16 04:05:00,,,,,146.53,AAPL
2022-05-16 04:04:00,,,,,94.82,AAPL
2022-05-16 04:04:00,,,,,146.45,AAPL
2022-05-16 04:03:00,,,,,94.87,AAPL
2022-05-16 04:03:00,,,,,146.35,AAPL
2022-05-16 04:03:00,,,,,768.31,AAPL
2022-05-16 04:01:00,,,,,767.21,AAPL
2022-05-16 04:01:00,,,,,146.11,AAPL
2022-05-16 04:01:00,,,,,94.8,AAPL
2022-05-16 04:00:00,,,,,65.85,AAPL
2022-05-16 04:00:00,,,,,127.1,AAPL
2022-05-16 04:00:00,,,,,94.73,AAPL
2022-05-16 04:00:00,,,,,767.94,AAPL
2022-05-16 04:00:00,,,,,146.05,AAPL
