,symbol,stamp,TENKAN,KIJUN,senkou_span_a,SENKOU,CHIKOU
1114,AAPL,2022-05-17 10:08:00,147.8503,148.25025,148.64749999999998,148.495,
1113,AAPL,2022-05-17 10:07:00,147.8503,148.25025,148.69,148.495,
1112,AAPL,2022-05-17 10:06:00,147.945,148.34494999999998,148.69,148.495,
1111,AAPL,2022-05-17 10:05:00,147.975,148.37495,148.69,148.495,
1110,AAPL,2022-05-17 10:04:00,147.975,148.37495,148.69,148.495,
1109,AAPL,2022-05-17 10:03:00,147.87495,148.37495,148.69,148.495,
1108,AAPL,2022-05-17 10:02:00,147.87495,148.37495,148.69,148.495,
1107,AAPL,2022-05-17 10:01:00,147.87495,148.37495,148.70749999999998,148.47,
1106,AAPL,2022-05-17 10:00:00,147.91505,148.37495,148.70749999999998,148.47,
1105,AAPL,2022-05-17 09:59:00,147.95499999999998,148.39999999999998,148.70749999999998,148.47,
1104,AAPL,2022-05-17 09:58:00,147.995,148.525,148.54,148.30505,
1103,AAPL,2022-05-17 09:57:00,147.995,148.525,148.54,148.305,
1102,AAPL,2022-05-17 09:56:00,147.995,148.525,148.54,148.305,
1101,AAPL,2022-05-17 09:55:00,148.15,148.525,148.44,148.20499999999998,
1100,AAPL,2022-05-17 09:54:00,148.25,148.595,148.44,148.20499999999998,
1099,AAPL,2022-05-17 09:53:00,148.37505,148.60005,148.332525,148.125,
1098,AAPL,2022-05-17 09:52:00,148.42005,148.60005,148.21249999999998,148.015,
1097,AAPL,2022-05-17 09:51:00,148.49,148.60005,148.21249999999998,148.015,
1096,AAPL,2022-05-17 09:50:00,148.49,148.60005,148.15109999999999,147.95499999999998,
1095,AAPL,2022-05-17 09:49:00,148.49,148.60005,148.13,147.94,
1094,AAPL,2022-05-17 09:48:00,148.49,148.60005,148.1225,147.94,
1093,AAPL,2022-05-17 09:47:00,148.55245000000002,148.66250000000002,148.1225,147.95499999999998,
1092,AAPL,2022-05-17 09:46:00,148.70995,148.70499999999998,148.11,147.95499999999998,
1091,AAPL,2022-05-17 09:45:00,148.70995,148.70499999999998,148.095,147.95499999999998,
1090,AAPL,2022-05-17 09:44:00,148.62495,148.66505,148.08499999999998,147.95499999999998,
1089,AAPL,2022-05-17 09:43:00,148.62495,148.64499999999998,148.08499999999998,147.95499999999998,
1088,AAPL,2022-05-17 09:42:00,148.64999999999998,148.64499999999998,148.08499999999998,147.95499999999998,147.43
1087,AAPL,2022-05-17 09:41:00,148.735,148.64499999999998,148.065,147.95499999999998,147.49
1086,AAPL,2022-05-17 09:40:00,148.735,148.64499999999998,148.04500000000002,147.95499999999998,147.63
1085,AAPL,2022-05-17 09:39:00,148.735,148.64499999999998,148.04500000000002,147.95499999999998,147.885
1084,AAPL,2022-05-17 09:38:00,148.735,148.64499999999998,148.04500000000002,147.95499999999998,148.02
1083,AAPL,2022-05-17 09:37:00,148.735,148.64499999999998,148.04500000000002,147.95499999999998,147.9555
1082,AAPL,2022-05-17 09:36:00,148.735,148.64499999999998,148.0275,147.95499999999998,147.9324
1081,AAPL,2022-05-17 09:35:00,148.76999999999998,148.64499999999998,148.015,147.95499999999998,147.7643
1080,AAPL,2022-05-17 09:34:00,148.76999999999998,148.64499999999998,148.015,147.95499999999998,147.91
1079,AAPL,2022-05-17 09:33:00,148.76999999999998,148.64499999999998,148.0136,147.95499999999998,147.7978
1078,AAPL,2022-05-17 09:32:00,148.57,148.51,147.977525,147.95499999999998,147.77
1077,AAPL,2022-05-17 09:31:00,148.57,148.51,147.97000000000003,147.95499999999998,147.9664
1076,AAPL,2022-05-17 09:30:00,148.57,148.51,147.95999999999998,147.95499999999998,148.1048
1075,AAPL,2022-05-17 09:29:00,148.47,148.41,147.8725,147.95499999999998,147.985
1074,AAPL,2022-05-17 09:28:00,148.47,148.41,147.8575,147.95499999999998,147.87
1073,AAPL,2022-05-17 09:27:00,148.35005,148.315,147.8475,147.95499999999998,148.075
1072,AAPL,2022-05-17 09:26:00,148.22,148.20499999999998,147.8475,147.95499999999998,148.0511
1071,AAPL,2022-05-17 09:25:00,148.22,148.20499999999998,147.8475,147.95499999999998,148.175
1070,AAPL,2022-05-17 09:24:00,148.16,148.1422,147.8475,147.95499999999998,148.0801
1069,AAPL,2022-05-17 09:23:00,148.16,148.10000000000002,147.776,147.95499999999998,147.93
1068,AAPL,2022-05-17 09:22:00,148.16,148.085,147.76850000000002,147.95499999999998,148.1535
1067,AAPL,2022-05-17 09:21:00,148.16,148.085,147.865,147.95499999999998,148.022
1066,AAPL,2022-05-17 09:20:00,148.16,148.06,147.87,147.95499999999998,148.455
1065,AAPL,2022-05-17 09:19:00,148.16,148.03,147.87,147.95499999999998,148.63
1064,AAPL,2022-05-17 09:18:00,148.16,148.01,147.8575,147.95499999999998,148.68
1063,AAPL,2022-05-17 09:17:00,148.16,148.01,147.8575,147.95499999999998,148.925
1062,AAPL,2022-05-17 09:16:00,148.16,148.01,147.8575,147.95499999999998,149.0
1061,AAPL,2022-05-17 09:15:00,148.14,147.99,147.842525,147.95499999999998,148.83
1060,AAPL,2022-05-17 09:14:00,148.12,147.97,147.84249999999997,147.95499999999998,148.88
1059,AAPL,2022-05-17 09:13:00,148.12,147.97,147.84249999999997,147.95499999999998,148.83
1058,AAPL,2022-05-17 09:12:00,148.12,147.97,147.84249999999997,147.95499999999998,148.53
1057,AAPL,2022-05-17 09:11:00,148.12,147.97,147.85,147.95499999999998,148.485
1056,AAPL,2022-05-17 09:10:00,148.095,147.96,147.86599999999999,147.95499999999998,148.49
1055,AAPL,2022-05-17 09:09:00,148.095,147.935,147.86599999999999,147.95499999999998,148.3401
1054,AAPL,2022-05-17 09:08:00,148.095,147.935,147.86599999999999,147.95499999999998,148.6912
1053,AAPL,2022-05-17 09:07:00,148.0922,147.935,147.86599999999999,147.95499999999998,149.1797
1052,AAPL,2022-05-17 09:06:00,148.05,147.90505000000002,147.8585,147.95499999999998,148.77
1051,AAPL,2022-05-17 09:05:00,148.03500000000003,147.905,147.8585,147.95499999999998,148.32
1050,AAPL,2022-05-17 09:04:00,148.025,147.89499999999998,147.95499999999998,147.95499999999998,148.4697
1049,AAPL,2022-05-17 09:03:00,147.925,147.82,147.95499999999998,147.95499999999998,148.86
1048,AAPL,2022-05-17 09:02:00,147.89499999999998,147.82,147.95499999999998,147.95499999999998,148.86
1047,AAPL,2022-05-17 09:01:00,147.875,147.82,147.95499999999998,147.95499999999998,148.67
1046,AAPL,2022-05-17 09:00:00,147.875,147.82,147.95499999999998,147.95499999999998,148.41
1045,AAPL,2022-05-17 08:59:00,147.875,147.82,147.95499999999998,147.95499999999998,148.48
1044,AAPL,2022-05-17 08:58:00,147.875,147.82,147.95499999999998,147.95499999999998,148.1
1043,AAPL,2022-05-17 08:57:00,147.79000000000002,147.762,147.97500000000002,147.97500000000002,148.15
1042,AAPL,2022-05-17 08:56:00,147.775,147.762,148.075,148.075,148.15
1041,AAPL,2022-05-17 08:55:00,147.775,147.95499999999998,148.07750000000001,148.10500000000002,148.25
1040,AAPL,2022-05-17 08:54:00,147.785,147.95499999999998,148.0825,148.10500000000002,148.07
1039,AAPL,2022-05-17 08:53:00,147.785,147.95499999999998,148.0825,148.10500000000002,148.11
1038,AAPL,2022-05-17 08:52:00,147.76,147.95499999999998,148.0825,148.10500000000002,147.99
1037,AAPL,2022-05-17 08:51:00,147.76,147.95499999999998,148.0825,148.10500000000002,148.0
1036,AAPL,2022-05-17 08:50:00,147.76,147.95499999999998,148.07,148.10500000000002,148.22
1035,AAPL,2022-05-17 08:49:00,147.73005,147.95499999999998,148.0525,148.10500000000002,148.33
1034,AAPL,2022-05-17 08:48:00,147.73,147.95499999999998,148.0525,148.10500000000002,148.12
1033,AAPL,2022-05-17 08:47:00,147.73,147.95499999999998,148.0525,148.10500000000002,148.13
1032,AAPL,2022-05-17 08:46:00,147.73,147.95499999999998,148.0525,148.10500000000002,148.1878
1031,AAPL,2022-05-17 08:45:00,147.745,147.95499999999998,148.0525,148.10500000000002,148.29
1030,AAPL,2022-05-17 08:44:00,147.777,147.95499999999998,148.03,148.10500000000002,148.1601
1029,AAPL,2022-05-17 08:43:00,147.777,147.95499999999998,148.0925,148.10500000000002,148.14
1028,AAPL,2022-05-17 08:42:00,147.777,147.95499999999998,148.10500000000002,148.10500000000002,148.1
1027,AAPL,2022-05-17 08:41:00,147.777,147.95499999999998,148.10500000000002,148.10500000000002,148.07
1026,AAPL,2022-05-17 08:40:00,147.762,147.95499999999998,148.10500000000002,148.10500000000002,148.08
1025,AAPL,2022-05-17 08:39:00,147.762,147.95499999999998,148.10500000000002,148.10500000000002,148.19
1024,AAPL,2022-05-17 08:38:00,147.95499999999998,147.95499999999998,148.10500000000002,148.10500000000002,148.25
1023,AAPL,2022-05-17 08:37:00,147.95499999999998,147.95499999999998,148.10500000000002,148.10500000000002,148.02
1022,AAPL,2022-05-17 08:36:00,147.95499999999998,147.95499999999998,148.10500000000002,148.10500000000002,147.98
1021,AAPL,2022-05-17 08:35:00,147.95499999999998,147.95499999999998,148.1775,148.175,148.02
1020,AAPL,2022-05-17 08:34:00,147.95499999999998,147.95499999999998,148.175,148.175,148.0
1019,AAPL,2022-05-17 08:33:00,147.95499999999998,147.95499999999998,148.1,148.1,147.9144
1018,AAPL,2022-05-17 08:32:00,147.95499999999998,147.95499999999998,148.075,148.075,148.05
1017,AAPL,2022-05-17 08:31:00,147.97500000000002,147.97500000000002,148.075,148.075,147.93
1016,AAPL,2022-05-17 08:30:00,148.075,148.075,148.075,148.075,147.8
1015,AAPL,2022-05-17 08:29:00,148.05,148.10500000000002,148.075,148.075,147.85
1014,AAPL,2022-05-17 08:28:00,148.06,148.10500000000002,148.0375,148.075,147.77
1013,AAPL,2022-05-17 08:27:00,148.06,148.10500000000002,148.0375,148.04,147.65
1012,AAPL,2022-05-17 08:26:00,148.06,148.10500000000002,148.04999999999998,148.04,147.76
1011,AAPL,2022-05-17 08:25:00,148.06,148.10500000000002,148.05395,148.04,147.8
1010,AAPL,2022-05-17 08:24:00,148.035,148.10500000000002,148.0675,148.0,147.8
1009,AAPL,2022-05-17 08:23:00,148.0,148.10500000000002,148.0675,147.975,147.86
1008,AAPL,2022-05-17 08:22:00,148.0,148.10500000000002,148.0675,147.975,147.89
1007,AAPL,2022-05-17 08:21:00,148.0,148.10500000000002,148.0675,147.975,147.85
1006,AAPL,2022-05-17 08:20:00,148.0,148.10500000000002,148.0575,147.975,147.92
1005,AAPL,2022-05-17 08:19:00,148.0,148.10500000000002,148.0575,147.95999999999998,147.85
1004,AAPL,2022-05-17 08:18:00,147.95499999999998,148.10500000000002,148.0575,147.95999999999998,147.6
1003,AAPL,2022-05-17 08:17:00,148.07999999999998,148.10500000000002,148.0575,147.95999999999998,147.69
1002,AAPL,2022-05-17 08:16:00,148.10500000000002,148.10500000000002,148.055,147.95999999999998,147.72
1001,AAPL,2022-05-17 08:15:00,148.10500000000002,148.10500000000002,148.0625,147.95999999999998,147.5999
1000,AAPL,2022-05-17 08:14:00,148.10500000000002,148.10500000000002,148.0625,147.95999999999998,147.55
999,AAPL,2022-05-17 08:13:00,148.10500000000002,148.10500000000002,148.0675,147.95999999999998,147.6599
998,AAPL,2022-05-17 08:12:00,148.10500000000002,148.10500000000002,148.0675,147.975,147.7
997,AAPL,2022-05-17 08:11:00,148.10500000000002,148.10500000000002,148.0775,147.975,147.7
996,AAPL,2022-05-17 08:10:00,148.10500000000002,148.10500000000002,148.0775,147.975,148.01
995,AAPL,2022-05-17 08:09:00,148.18,148.175,148.08999999999997,148.01999999999998,147.8999
994,AAPL,2022-05-17 08:08:00,148.175,148.175,148.09499999999997,148.01999999999998,147.84
993,AAPL,2022-05-17 08:07:00,148.1,148.1,148.11999999999998,148.01999999999998,147.95
992,AAPL,2022-05-17 08:06:00,148.075,148.075,148.09499999999997,148.01999999999998,147.59
991,AAPL,2022-05-17 08:05:00,148.075,148.075,148.08999999999997,148.01999999999998,147.585
990,AAPL,2022-05-17 08:04:00,148.075,148.075,148.08999999999997,148.01999999999998,147.78
989,AAPL,2022-05-17 08:03:00,148.075,148.075,148.08999999999997,148.07999999999998,148.0
988,AAPL,2022-05-17 08:02:00,148.02499999999998,148.05,148.08999999999997,148.095,147.95
987,AAPL,2022-05-17 08:01:00,148.02499999999998,148.05,148.065,148.095,148.12
986,AAPL,2022-05-17 08:00:00,148.02499999999998,148.075,148.045,148.095,148.08
985,AAPL,2022-05-17 07:59:00,148.03145,148.07645,148.045,148.095,148.14
984,AAPL,2022-05-17 07:58:00,148.055,148.07999999999998,148.025,148.095,148.1399
983,AAPL,2022-05-17 07:56:00,148.055,148.07999999999998,148.0125,148.095,147.95
982,AAPL,2022-05-17 07:55:00,148.055,148.07999999999998,148.01749999999998,148.095,148.0
981,AAPL,2022-05-17 07:54:00,148.055,148.07999999999998,148.01749999999998,148.095,148.05
980,AAPL,2022-05-17 07:53:00,148.03500000000003,148.07999999999998,148.0125,148.095,148.0009
979,AAPL,2022-05-17 07:52:00,148.03500000000003,148.07999999999998,148.005,148.095,148.1438
978,AAPL,2022-05-17 07:51:00,148.03500000000003,148.07999999999998,148.005,148.095,147.96
977,AAPL,2022-05-17 07:50:00,148.03500000000003,148.07999999999998,148.005,148.095,147.96
976,AAPL,2022-05-17 07:49:00,148.03,148.07999999999998,148.005,148.095,147.9699
975,AAPL,2022-05-17 07:48:00,148.04500000000002,148.07999999999998,148.005,148.095,147.9
974,AAPL,2022-05-17 07:47:00,148.04500000000002,148.07999999999998,148.0075,148.095,147.87
973,AAPL,2022-05-17 07:46:00,148.055,148.07999999999998,148.01,148.095,148.0
972,AAPL,2022-05-17 07:45:00,148.055,148.07999999999998,148.02499999999998,148.10500000000002,148.0
971,AAPL,2022-05-17 07:44:00,148.065,148.08999999999997,148.02749999999997,148.11,147.95
970,AAPL,2022-05-17 07:43:00,148.065,148.08999999999997,148.0,148.15,147.82
969,AAPL,2022-05-17 07:42:00,148.08999999999997,148.08999999999997,148.02249999999998,148.15,148.09
968,AAPL,2022-05-17 07:41:00,148.1,148.08999999999997,148.02249999999998,148.20999999999998,148.31
967,AAPL,2022-05-17 07:40:00,148.14999999999998,148.08999999999997,148.0025,148.20999999999998,148.25
966,AAPL,2022-05-17 07:39:00,148.1,148.08999999999997,147.98999999999998,148.20999999999998,148.1
965,AAPL,2022-05-17 07:38:00,148.08999999999997,148.08999999999997,147.98999999999998,148.20999999999998,148.12
964,AAPL,2022-05-17 07:37:00,148.08999999999997,148.08999999999997,147.98999999999998,148.20999999999998,148.14
963,AAPL,2022-05-17 07:36:00,148.08999999999997,148.08999999999997,148.0075,148.20999999999998,148.09
962,AAPL,2022-05-17 07:35:00,148.08999999999997,148.08999999999997,147.99,148.23000000000002,148.04
961,AAPL,2022-05-17 07:34:00,148.08999999999997,148.04,148.0025,148.23000000000002,147.99
960,AAPL,2022-05-17 07:33:00,148.065,148.02499999999998,148.0025,148.23000000000002,148.0
959,AAPL,2022-05-17 07:32:00,148.065,148.02499999999998,148.0025,148.23000000000002,147.9529
958,AAPL,2022-05-17 07:31:00,148.065,147.985,148.0025,148.23000000000002,148.05
957,AAPL,2022-05-17 07:30:00,148.065,147.95999999999998,148.0025,148.23000000000002,148.05
956,AAPL,2022-05-17 07:29:00,148.075,147.95999999999998,148.0025,148.23000000000002,148.0
955,AAPL,2022-05-17 07:28:00,148.075,147.95999999999998,148.035,148.23000000000002,148.0
954,AAPL,2022-05-17 07:27:00,148.065,147.95999999999998,148.035,148.23000000000002,148.01
953,AAPL,2022-05-17 07:26:00,148.065,147.945,148.04500000000002,148.24,148.05
952,AAPL,2022-05-17 07:25:00,148.065,147.945,148.1975,148.37,148.1
951,AAPL,2022-05-17 07:24:00,148.065,147.945,148.1975,148.37,148.11
950,AAPL,2022-05-17 07:23:00,148.065,147.945,148.1975,148.37,148.07
949,AAPL,2022-05-17 07:22:00,148.065,147.945,148.1975,148.37,148.05
948,AAPL,2022-05-17 07:21:00,148.07,147.945,148.1975,148.37,148.02
947,AAPL,2022-05-17 07:20:00,148.075,147.945,148.2775,148.45,148.08
946,AAPL,2022-05-17 07:19:00,148.075,147.975,148.3125,148.45,148.0
945,AAPL,2022-05-17 07:18:00,148.07999999999998,147.975,148.3225,148.45,148.0
944,AAPL,2022-05-17 07:17:00,148.02499999999998,147.975,148.3425,148.45,148.0
943,AAPL,2022-05-17 07:16:00,148.02499999999998,148.01999999999998,148.3425,148.45,148.0
942,AAPL,2022-05-17 07:15:00,148.02499999999998,148.01999999999998,148.3725,148.45,148.02
941,AAPL,2022-05-17 07:14:00,147.985,148.01999999999998,148.3725,148.45,148.1
940,AAPL,2022-05-17 07:13:00,147.95999999999998,148.01999999999998,148.3775,148.45499999999998,148.13
939,AAPL,2022-05-17 07:12:00,147.95999999999998,148.01999999999998,148.3775,148.45499999999998,148.13
938,AAPL,2022-05-17 07:11:00,147.95999999999998,148.01999999999998,148.39249999999998,148.47,148.15
937,AAPL,2022-05-17 07:10:00,147.935,148.07999999999998,148.39249999999998,148.47,148.1
936,AAPL,2022-05-17 07:09:00,147.885,148.095,148.40249999999997,148.47,148.12
935,AAPL,2022-05-17 07:08:00,147.91,148.095,148.40249999999997,148.47,148.1
934,AAPL,2022-05-17 07:07:00,147.91,148.095,148.40249999999997,148.47,148.13
933,AAPL,2022-05-17 07:06:00,147.91,148.095,148.3875,148.47,148.1
932,AAPL,2022-05-17 07:05:00,147.91,148.095,148.39749999999998,148.47,148.1
931,AAPL,2022-05-17 07:04:00,147.91,148.095,148.39749999999998,148.47,148.05
930,AAPL,2022-05-17 07:03:00,147.91,148.095,148.4125,148.47,148.15
929,AAPL,2022-05-17 07:02:00,147.975,148.095,148.4225,148.47,148.05
928,AAPL,2022-05-17 07:01:00,147.975,148.095,148.45499999999998,148.47,148.0
927,AAPL,2022-05-17 07:00:00,147.985,148.10500000000002,148.48000000000002,148.47,148.08
926,AAPL,2022-05-17 06:59:00,148.16,148.235,148.48000000000002,148.465,148.09
925,AAPL,2022-05-17 06:58:00,148.16,148.235,148.5375,148.445,148.09
924,AAPL,2022-05-17 06:57:00,148.16,148.235,148.5375,148.435,148.15
923,AAPL,2022-05-17 06:56:00,148.16,148.235,148.5375,148.435,148.0
922,AAPL,2022-05-17 06:55:00,148.16,148.235,148.535,148.435,148.03
921,AAPL,2022-05-17 06:54:00,148.24,148.315,148.53750000000002,148.435,148.05
920,AAPL,2022-05-17 06:53:00,148.3,148.325,148.5625,148.435,148.01
919,AAPL,2022-05-17 06:52:00,148.315,148.32999999999998,148.5725,148.435,148.04
918,AAPL,2022-05-17 06:51:00,148.315,148.37,148.57999999999998,148.435,148.09
917,AAPL,2022-05-17 06:50:00,148.315,148.37,148.5775,148.435,148.05
916,AAPL,2022-05-17 06:49:00,148.315,148.43,148.565,148.435,148.07
915,AAPL,2022-05-17 06:44:00,148.315,148.43,148.54749999999999,148.435,148.09
914,AAPL,2022-05-17 06:42:00,148.32,148.435,148.5275,148.435,148.12
913,AAPL,2022-05-17 06:39:00,148.32,148.435,148.525,148.435,148.17
912,AAPL,2022-05-17 06:38:00,148.33499999999998,148.45,148.51500000000001,148.435,148.17
911,AAPL,2022-05-17 06:33:00,148.33499999999998,148.45,148.505,148.435,148.12
910,AAPL,2022-05-17 06:31:00,148.33499999999998,148.47,148.42999999999998,148.365,147.98
909,AAPL,2022-05-17 06:29:00,148.33499999999998,148.47,148.405,148.34,147.9
908,AAPL,2022-05-17 06:28:00,148.33499999999998,148.47,148.38,148.3,148.05
907,AAPL,2022-05-17 06:27:00,148.305,148.47,148.38,148.3,147.81
906,AAPL,2022-05-17 06:26:00,148.325,148.47,148.38,148.25,147.82
905,AAPL,2022-05-17 06:25:00,148.325,148.47,148.3775,148.225,147.8
904,AAPL,2022-05-17 06:23:00,148.33999999999997,148.485,148.3775,148.195,147.81
903,AAPL,2022-05-17 06:22:00,148.36,148.485,148.3775,148.12,147.86
902,AAPL,2022-05-17 06:21:00,148.39499999999998,148.515,148.3775,148.1,147.95
901,AAPL,2022-05-17 06:20:00,148.44,148.52,148.375,148.1,147.75
900,AAPL,2022-05-17 06:19:00,148.44,148.52,148.3725,148.1,148.08
899,AAPL,2022-05-17 06:16:00,148.545,148.53,148.3625,148.1,148.0
898,AAPL,2022-05-17 06:15:00,148.545,148.53,148.35,148.095,148.1
897,AAPL,2022-05-17 06:13:00,148.545,148.53,148.3375,148.07999999999998,148.02
896,AAPL,2022-05-17 06:12:00,148.545,148.525,148.3375,148.07,148.04
895,AAPL,2022-05-17 06:11:00,148.55,148.525,148.3325,148.07,148.23
894,AAPL,2022-05-17 06:10:00,148.6,148.525,148.3325,148.07,148.23
893,AAPL,2022-05-17 06:09:00,148.62,148.525,148.2825,148.025,148.23
892,AAPL,2022-05-17 06:06:00,148.64,148.52,148.2825,148.025,148.19
891,AAPL,2022-05-17 06:04:00,148.635,148.52,148.2425,148.025,148.32
890,AAPL,2022-05-17 06:03:00,148.61,148.52,148.2425,148.025,148.28
889,AAPL,2022-05-17 06:02:00,148.57999999999998,148.515,148.26,147.995,148.16
888,AAPL,2022-05-17 05:59:00,148.565,148.49,148.26,147.98000000000002,148.26
887,AAPL,2022-05-17 05:58:00,148.56,148.49,148.26,147.97500000000002,148.17
886,AAPL,2022-05-17 05:57:00,148.55,148.48000000000002,148.26,147.97500000000002,148.24
885,AAPL,2022-05-17 05:56:00,148.53,148.48000000000002,148.26,147.97500000000002,148.46
884,AAPL,2022-05-17 05:55:00,148.45999999999998,148.39999999999998,148.26,147.97500000000002,148.36
883,AAPL,2022-05-17 05:54:00,148.435,148.375,148.2575,147.97500000000002,148.41
882,AAPL,2022-05-17 05:53:00,148.41,148.35,148.24,147.97500000000002,148.43
881,AAPL,2022-05-17 05:52:00,148.41,148.35,148.235,147.97500000000002,148.38
880,AAPL,2022-05-17 05:50:00,148.41,148.35,148.20749999999998,147.97500000000002,148.34
879,AAPL,2022-05-17 05:49:00,148.405,148.35,148.195,147.945,148.29
878,AAPL,2022-05-17 05:47:00,148.405,148.35,148.18,147.89,148.24
877,AAPL,2022-05-17 05:46:00,148.405,148.35,148.1525,147.885,148.23
876,AAPL,2022-05-17 05:45:00,148.405,148.35,148.1425,147.845,148.35
875,AAPL,2022-05-17 05:44:00,148.4,148.35,148.1425,147.845,148.3
874,AAPL,2022-05-17 05:42:00,148.4,148.345,148.1425,147.845,148.3
873,AAPL,2022-05-17 05:40:00,148.4,148.325,148.1425,147.505,148.41
872,AAPL,2022-05-17 05:39:00,148.39,148.31,148.16750000000002,147.10500000000002,148.42
871,AAPL,2022-05-17 05:38:00,148.365,148.31,148.16250000000002,147.075,148.41
870,AAPL,2022-05-17 05:35:00,148.365,148.31,148.17000000000002,147.075,148.39
869,AAPL,2022-05-17 05:34:00,148.35500000000002,148.31,148.17000000000002,147.075,148.45
868,AAPL,2022-05-17 05:33:00,148.35500000000002,148.31,148.17000000000002,147.05,148.5
867,AAPL,2022-05-17 05:32:00,148.3,148.265,148.17000000000002,147.05,148.58
866,AAPL,2022-05-17 05:31:00,148.3,148.265,148.155,147.05,148.57
865,AAPL,2022-05-17 05:28:00,148.25,148.235,148.1375,147.04000000000002,148.7
864,AAPL,2022-05-17 05:27:00,148.25,148.235,148.1375,147.04000000000002,148.66
863,AAPL,2022-05-17 05:25:00,148.255,148.265,148.0975,147.01,148.7
862,AAPL,2022-05-17 05:23:00,148.255,148.265,148.07750000000001,146.96,148.64
861,AAPL,2022-05-17 05:21:00,148.255,148.265,148.06,146.94,148.55
860,AAPL,2022-05-17 05:19:00,148.255,148.265,148.0225,146.93,148.65
859,AAPL,2022-05-17 05:17:00,148.255,148.265,148.01250000000002,146.93,148.7
858,AAPL,2022-05-17 05:16:00,148.255,148.265,147.9375,146.85500000000002,148.6
857,AAPL,2022-05-17 05:15:00,148.25,148.265,147.9025,146.82,148.53
856,AAPL,2022-05-17 05:14:00,148.23000000000002,148.25,147.9025,146.8,148.5
855,AAPL,2022-05-17 05:13:00,148.22,148.25,147.8575,146.755,148.49
854,AAPL,2022-05-17 05:09:00,148.215,148.2,147.85,146.755,148.39
853,AAPL,2022-05-17 05:08:00,148.215,148.175,147.76,146.685,148.38
852,AAPL,2022-05-17 05:07:00,148.215,148.14499999999998,147.65249999999997,146.605,148.36
851,AAPL,2022-05-17 05:04:00,148.235,148.07,147.64,146.605,148.32
850,AAPL,2022-05-17 05:03:00,148.235,148.05,147.62,146.605,148.33
849,AAPL,2022-05-17 05:02:00,148.235,148.05,147.62,146.605,148.34
848,AAPL,2022-05-17 05:01:00,148.235,148.05,147.62,146.605,148.35
847,AAPL,2022-05-17 05:00:00,148.235,148.05,147.45999999999998,146.605,148.5
846,AAPL,2022-05-17 04:58:00,148.285,148.05,147.245,146.605,148.4
845,AAPL,2022-05-17 04:57:00,148.29000000000002,148.035,147.2225,146.605,148.38
844,AAPL,2022-05-17 04:56:00,148.315,148.025,147.22,146.605,148.49
843,AAPL,2022-05-17 04:55:00,148.315,148.025,147.22,146.605,148.46
842,AAPL,2022-05-17 04:54:00,148.315,148.025,147.2075,146.605,148.41
841,AAPL,2022-05-17 04:53:00,148.315,148.025,147.2075,146.605,148.3
840,AAPL,2022-05-17 04:52:00,148.285,148.025,147.2075,146.605,148.3
839,AAPL,2022-05-17 04:51:00,148.25,148.025,147.20250000000001,146.605,148.3
838,AAPL,2022-05-17 04:50:00,148.25,148.025,147.1875,146.58999999999997,148.29
837,AAPL,2022-05-17 04:49:00,148.2,147.995,147.14249999999998,146.56,148.24
836,AAPL,2022-05-17 04:48:00,148.175,147.98000000000002,147.10250000000002,146.56,148.3
835,AAPL,2022-05-17 04:47:00,148.14499999999998,147.97500000000002,147.065,146.56,148.28
834,AAPL,2022-05-17 04:46:00,148.07,147.97500000000002,147.0575,146.56,148.22
833,AAPL,2022-05-17 04:45:00,148.05,147.97500000000002,147.0375,146.56,148.29
832,AAPL,2022-05-17 04:43:00,147.975,147.9,147.0375,146.56,148.3
831,AAPL,2022-05-17 04:42:00,147.94,147.865,147.0375,146.56,148.28
830,AAPL,2022-05-17 04:41:00,147.94,147.865,146.85750000000002,146.56,148.3
829,AAPL,2022-05-17 04:40:00,147.89499999999998,147.82,146.6525,146.555,148.31
828,AAPL,2022-05-17 04:39:00,147.88,147.82,146.6375,146.555,148.2
827,AAPL,2022-05-17 04:38:00,147.8,147.72,146.6375,146.555,148.21
826,AAPL,2022-05-17 04:37:00,147.72,147.58499999999998,146.6375,146.555,148.25
825,AAPL,2022-05-17 04:32:00,147.7,147.57999999999998,146.625,146.555,148.3
824,AAPL,2022-05-17 04:31:00,147.7,147.54,146.625,146.555,148.25
823,AAPL,2022-05-17 04:30:00,147.7,147.54,146.625,146.555,148.19
822,AAPL,2022-05-17 04:29:00,147.7,147.54,146.62,146.555,148.15
821,AAPL,2022-05-17 04:28:00,147.72,147.2,145.77999999999997,145.71499999999997,148.16
820,AAPL,2022-05-17 04:27:00,147.69,146.8,145.68,145.63,148.27
819,AAPL,2022-05-17 04:25:00,147.675,146.76999999999998,145.655,145.63,148.2
818,AAPL,2022-05-17 04:23:00,147.67000000000002,146.76999999999998,145.64499999999998,145.63,148.3
817,AAPL,2022-05-17 04:22:00,147.67000000000002,146.76999999999998,145.64,145.63,148.28
816,AAPL,2022-05-17 04:21:00,147.67000000000002,146.745,145.64,145.63,148.29
815,AAPL,2022-05-17 04:20:00,147.67000000000002,146.745,145.64,145.63,148.29
814,AAPL,2022-05-17 04:19:00,147.67000000000002,146.745,145.64,145.63,148.33
813,AAPL,2022-05-17 04:17:00,147.67000000000002,146.735,145.63,145.63,148.3
812,AAPL,2022-05-17 04:16:00,147.655,146.72,145.61,145.61,148.39
811,AAPL,2022-05-17 04:15:00,147.625,146.66,145.55499999999998,145.58499999999998,148.4
810,AAPL,2022-05-17 04:14:00,147.595,146.61,145.54,145.58499999999998,148.39
809,AAPL,2022-05-17 04:13:00,147.54,146.58999999999997,145.54,145.58499999999998,148.39
808,AAPL,2022-05-17 04:12:00,147.535,146.57999999999998,145.54,145.58499999999998,148.38
807,AAPL,2022-05-17 04:11:00,147.495,146.57999999999998,145.5375,145.58499999999998,148.4
806,AAPL,2022-05-17 04:10:00,147.495,146.57999999999998,145.55249999999998,145.58499999999998,148.23
805,AAPL,2022-05-17 04:09:00,147.495,146.57999999999998,145.55499999999998,145.57999999999998,148.13
804,AAPL,2022-05-17 04:08:00,147.155,146.56,145.55499999999998,145.57999999999998,148.11
803,AAPL,2022-05-17 04:07:00,146.75,146.555,145.5725,145.57999999999998,148.0
802,AAPL,2022-05-17 04:06:00,146.72,146.555,145.5725,145.57999999999998,148.09
801,AAPL,2022-05-17 04:05:00,146.72,146.555,145.5725,145.57999999999998,147.95
800,AAPL,2022-05-17 04:04:00,146.72,146.555,145.58249999999998,145.57999999999998,147.79
799,AAPL,2022-05-17 04:03:00,146.695,146.555,145.6125,145.575,147.7
798,AAPL,2022-05-17 04:02:00,146.695,146.555,145.6525,145.56,147.74
797,AAPL,2022-05-17 04:01:00,146.695,146.555,145.675,145.555,147.7
796,AAPL,2022-05-17 04:00:00,146.685,146.555,145.66750000000002,145.555,147.75
795,AAPL,2022-05-16 19:59:00,145.845,145.71499999999997,145.66750000000002,145.555,147.75
794,AAPL,2022-05-16 19:58:00,145.73000000000002,145.63,145.66750000000002,145.555,147.75
793,AAPL,2022-05-16 19:57:00,145.68,145.63,145.66750000000002,145.555,147.65
792,AAPL,2022-05-16 19:56:00,145.66,145.63,145.66,145.525,147.69
791,AAPL,2022-05-16 19:55:00,145.65,145.63,145.66,145.525,147.67
790,AAPL,2022-05-16 19:54:00,145.65,145.63,145.657525,145.525,147.68
789,AAPL,2022-05-16 19:52:00,145.65,145.63,145.657525,145.525,147.71
788,AAPL,2022-05-16 19:51:00,145.65,145.63,145.657525,145.525,147.67
787,AAPL,2022-05-16 19:50:00,145.63,145.63,145.657525,145.525,147.75
786,AAPL,2022-05-16 19:49:00,145.61,145.61,145.6575,145.525,147.76
785,AAPL,2022-05-16 19:48:00,145.52499999999998,145.58499999999998,145.6325,145.49,147.65
784,AAPL,2022-05-16 19:47:00,145.495,145.58499999999998,145.60999999999999,145.435,147.56
783,AAPL,2022-05-16 19:46:00,145.495,145.58499999999998,145.605,145.435,147.56
782,AAPL,2022-05-16 19:45:00,145.495,145.58499999999998,145.605,145.43,147.63
781,AAPL,2022-05-16 19:43:00,145.49,145.58499999999998,145.59,145.43,147.63
780,AAPL,2022-05-16 19:42:00,145.51999999999998,145.58499999999998,145.5875,145.41,147.63
779,AAPL,2022-05-16 19:37:00,145.52499999999998,145.58499999999998,145.5575,145.39,147.68
778,AAPL,2022-05-16 19:36:00,145.52499999999998,145.58499999999998,145.555,145.385,147.69
777,AAPL,2022-05-16 19:35:00,145.56,145.58499999999998,145.5575,145.385,147.64
776,AAPL,2022-05-16 19:34:00,145.56,145.58499999999998,145.56,145.385,147.5
775,AAPL,2022-05-16 19:33:00,145.56,145.58499999999998,145.55249999999998,145.385,147.38
774,AAPL,2022-05-16 19:32:00,145.57999999999998,145.58499999999998,145.55249999999998,145.38,147.37
773,AAPL,2022-05-16 19:31:00,145.61,145.615,145.54999999999998,145.37,147.37
772,AAPL,2022-05-16 19:30:00,145.65,145.655,145.5425,145.35604999999998,147.36
771,AAPL,2022-05-16 19:29:00,145.685,145.66500000000002,145.54,145.355,147.36
770,AAPL,2022-05-16 19:28:00,145.685,145.65,145.54,145.355,146.89
769,AAPL,2022-05-16 19:27:00,145.685,145.65,145.54,145.355,146.01
768,AAPL,2022-05-16 19:26:00,145.685,145.65,145.54,145.35005,145.78
767,AAPL,2022-05-16 19:25:00,145.685,145.65,145.5275,145.34005000000002,145.8
766,AAPL,2022-05-16 19:24:00,145.685,145.635,145.51,145.34005000000002,145.7501
765,AAPL,2022-05-16 19:23:00,145.685,145.635,145.51,145.34005000000002,145.7
764,AAPL,2022-05-16 19:22:00,145.68005,145.635,145.5,145.34005000000002,145.7
763,AAPL,2022-05-16 19:20:00,145.68005,145.635,145.4975,145.34005000000002,145.77
762,AAPL,2022-05-16 19:19:00,145.68005,145.635,145.45250000000001,145.305,145.75
761,AAPL,2022-05-16 19:18:00,145.68005,145.635,145.4475,145.3,145.77
760,AAPL,2022-05-16 19:16:00,145.68,145.635,145.4475,145.3,145.8
759,AAPL,2022-05-16 19:15:00,145.655,145.61,145.4325,145.29000000000002,145.63
758,AAPL,2022-05-16 19:14:00,145.635,145.58499999999998,145.41500000000002,145.29000000000002,145.49
757,AAPL,2022-05-16 19:13:00,145.63,145.57999999999998,145.41500000000002,145.29000000000002,145.48
756,AAPL,2022-05-16 19:11:00,145.63,145.57999999999998,145.41000000000003,145.29000000000002,145.48
755,AAPL,2022-05-16 19:10:00,145.62,145.56,145.4025,145.29000000000002,145.56
754,AAPL,2022-05-16 19:09:00,145.62,145.555,145.39,145.29000000000002,145.5
753,AAPL,2022-05-16 19:06:00,145.59,145.52499999999998,145.385,145.29000000000002,145.42
752,AAPL,2022-05-16 19:05:00,145.585,145.52499999999998,145.3825,145.29000000000002,145.42
751,AAPL,2022-05-16 19:03:00,145.59,145.52499999999998,145.3825,145.29000000000002,145.48
750,AAPL,2022-05-16 19:01:00,145.595,145.52499999999998,145.3725,145.28,145.5
749,AAPL,2022-05-16 19:00:00,145.57999999999998,145.52499999999998,145.35245,145.27495,145.42
748,AAPL,2022-05-16 18:59:00,145.57999999999998,145.52499999999998,145.315,145.24,145.42
747,AAPL,2022-05-16 18:58:00,145.57999999999998,145.51999999999998,145.31,145.24,145.48
746,AAPL,2022-05-16 18:57:00,145.57999999999998,145.505,145.303025,145.24,145.56
745,AAPL,2022-05-16 18:54:00,145.57999999999998,145.5,145.3025,145.24,145.63
744,AAPL,2022-05-16 18:53:00,145.57999999999998,145.5,145.3025,145.24,145.63
743,AAPL,2022-05-16 18:47:00,145.57999999999998,145.5,145.3025,145.24,145.63
742,AAPL,2022-05-16 18:46:00,145.57999999999998,145.5,145.295025,145.24,145.68
741,AAPL,2022-05-16 18:45:00,145.565,145.49,145.277525,145.24,145.7
740,AAPL,2022-05-16 18:44:00,145.56,145.46,145.277525,145.24,145.72
739,AAPL,2022-05-16 18:42:00,145.56,145.46,145.275025,145.24,145.74
738,AAPL,2022-05-16 18:41:00,145.54000000000002,145.46,145.275025,145.24,145.73
737,AAPL,2022-05-16 18:40:00,145.535,145.46,145.26502499999998,145.24,145.66
736,AAPL,2022-05-16 18:39:00,145.48000000000002,145.425,145.26,145.24,145.7
735,AAPL,2022-05-16 18:37:00,145.475,145.42000000000002,145.2575,145.24,145.69
734,AAPL,2022-05-16 18:36:00,145.475,145.42000000000002,145.22750000000002,145.215,145.62
733,AAPL,2022-05-16 18:35:00,145.465,145.4,145.1875,145.215,145.7
732,AAPL,2022-05-16 18:34:00,145.465,145.365,145.1825,145.215,145.66
731,AAPL,2022-05-16 18:33:00,145.465,145.365,145.18,145.215,145.64
730,AAPL,2022-05-16 18:32:00,145.46,145.36,145.14229999999998,145.215,145.6101
729,AAPL,2022-05-16 18:31:00,145.445,145.36,145.135325,145.215,145.65
728,AAPL,2022-05-16 18:30:00,145.44,145.34,145.1225,145.215,145.66
727,AAPL,2022-05-16 18:29:00,145.44,145.32999999999998,145.13,145.3,145.63
726,AAPL,2022-05-16 18:28:00,145.44,145.325,145.13,145.3,145.62
725,AAPL,2022-05-16 18:27:00,145.44,145.325,145.147525,145.3,145.61
724,AAPL,2022-05-16 18:26:00,145.43,145.315,145.156825,145.3,145.62
723,AAPL,2022-05-16 18:25:00,145.39495,145.30995000000001,145.16182500000002,145.3,145.6
722,AAPL,2022-05-16 18:24:00,145.36,145.26999999999998,145.16182500000002,145.3,145.6
721,AAPL,2022-05-16 18:23:00,145.36,145.26,145.167525,145.3,145.58
720,AAPL,2022-05-16 18:22:00,145.36,145.24605,145.167525,145.3,145.6
719,AAPL,2022-05-16 18:20:00,145.36,145.245,145.16750000000002,145.3,145.55
718,AAPL,2022-05-16 18:19:00,145.36,145.245,145.16750000000002,145.3,145.55
717,AAPL,2022-05-16 18:17:00,145.36,145.245,145.16750000000002,145.3,145.63
716,AAPL,2022-05-16 18:16:00,145.35,145.24005,145.16750000000002,145.3,145.55
715,AAPL,2022-05-16 18:15:00,145.315,145.24005,145.16750000000002,145.3,145.53
714,AAPL,2022-05-16 18:14:00,145.315,145.24005,145.16750000000002,145.3,145.55
713,AAPL,2022-05-16 18:10:00,145.31,145.24005,145.16750000000002,145.3,145.62
712,AAPL,2022-05-16 18:07:00,145.31,145.24005,145.16747500000002,145.3,145.58
711,AAPL,2022-05-16 18:06:00,145.29,145.24005,145.16750000000002,145.3,145.6
710,AAPL,2022-05-16 18:05:00,145.27999999999997,145.24,145.175,145.3,145.55
709,AAPL,2022-05-16 18:04:00,145.27499999999998,145.24,145.185,145.31,145.52
708,AAPL,2022-05-16 18:03:00,145.245,145.21,145.21,145.31,145.54
707,AAPL,2022-05-16 18:02:00,145.20499999999998,145.17000000000002,145.22500000000002,145.31,145.51
706,AAPL,2022-05-16 18:01:00,145.2,145.16500000000002,145.23000000000002,145.31,145.51
705,AAPL,2022-05-16 18:00:00,145.195,145.16500000000002,145.22500000000002,145.31,145.5
704,AAPL,2022-05-16 17:59:00,145.1523,145.1323,145.22500000000002,145.31,145.5
703,AAPL,2022-05-16 17:58:00,145.13835,145.1323,145.22500000000002,145.31,145.46
702,AAPL,2022-05-16 17:57:00,145.125,145.12,145.22500000000002,145.31,145.49
701,AAPL,2022-05-16 17:55:00,145.125,145.135,145.2675,145.31,145.46
700,AAPL,2022-05-16 17:54:00,145.125,145.135,145.2675,145.31,145.5
699,AAPL,2022-05-16 17:53:00,145.12005,145.175,145.2675,145.31,145.52
698,AAPL,2022-05-16 17:52:00,145.10865,145.20499999999998,145.2675,145.31,145.5
697,AAPL,2022-05-16 17:51:00,145.10865,145.215,145.26500000000001,145.31,145.4899
696,AAPL,2022-05-16 17:50:00,145.10865,145.215,145.31865,145.325,145.42
695,AAPL,2022-05-16 17:49:00,145.12005,145.215,145.31865,145.325,145.37
694,AAPL,2022-05-16 17:48:00,145.12005,145.215,145.3175,145.325,145.36
693,AAPL,2022-05-16 17:47:00,145.12,145.215,145.3175,145.325,145.36
692,AAPL,2022-05-16 17:46:00,145.12,145.215,145.30845,145.46,145.4
691,AAPL,2022-05-16 17:45:00,145.12,145.215,145.29627499999998,145.46,145.42
690,AAPL,2022-05-16 17:44:00,145.12,145.215,145.29627499999998,145.46,145.41
689,AAPL,2022-05-16 17:43:00,145.12,145.215,145.27747499999998,145.46,145.3
688,AAPL,2022-05-16 17:42:00,145.12,145.215,145.27747499999998,145.46,145.3
687,AAPL,2022-05-16 17:41:00,145.12,145.215,145.27747499999998,145.46,145.32
686,AAPL,2022-05-16 17:40:00,145.11995000000002,145.215,145.27499999999998,145.46,145.3
685,AAPL,2022-05-16 17:39:00,145.12,145.215,145.275,145.46,145.31
684,AAPL,2022-05-16 17:38:00,145.135,145.215,145.325,145.46,145.4
683,AAPL,2022-05-16 17:36:00,145.145,145.22500000000002,145.325,145.46,145.42
682,AAPL,2022-05-16 17:35:00,145.195,145.22500000000002,145.325,145.46,145.36
681,AAPL,2022-05-16 17:34:00,145.225,145.22500000000002,145.325,145.435,145.28
680,AAPL,2022-05-16 17:33:00,145.235,145.22500000000002,145.325,145.405,145.27
679,AAPL,2022-05-16 17:32:00,145.22500000000002,145.22500000000002,145.325,145.405,145.27
678,AAPL,2022-05-16 17:30:00,145.22500000000002,145.22500000000002,145.325,145.405,145.2
677,AAPL,2022-05-16 17:29:00,145.22500000000002,145.22500000000002,145.325,145.405,145.2046
676,AAPL,2022-05-16 17:28:00,145.22500000000002,145.22500000000002,145.405,145.405,145.16
675,AAPL,2022-05-16 17:25:00,145.22500000000002,145.31,145.4075,145.405,145.13
674,AAPL,2022-05-16 17:20:00,145.22500000000002,145.31,145.4075,145.405,145.17
673,AAPL,2022-05-16 17:17:00,145.22500000000002,145.31,145.4075,145.405,145.18
672,AAPL,2022-05-16 17:16:00,145.22500000000002,145.31,145.4075,145.405,145.15
671,AAPL,2022-05-16 17:15:00,145.22000000000003,145.31,145.4075,145.405,145.12
670,AAPL,2022-05-16 17:12:00,145.3123,145.325,145.41,145.405,145.1
669,AAPL,2022-05-16 17:11:00,145.3123,145.325,145.41,145.405,145.1572
668,AAPL,2022-05-16 17:08:00,145.31,145.325,145.41,145.405,145.07
667,AAPL,2022-05-16 17:07:00,145.31,145.325,145.41,145.405,145.07
666,AAPL,2022-05-16 17:06:00,145.2919,145.325,145.47750000000002,145.405,145.07
665,AAPL,2022-05-16 17:05:00,145.26755,145.325,145.4375,145.405,145.0601
664,AAPL,2022-05-16 17:04:00,145.26755,145.325,145.45000000000002,145.405,145.08
663,AAPL,2022-05-16 17:03:00,145.22995,145.325,145.4425,145.435,145.08
662,AAPL,2022-05-16 17:02:00,145.22995,145.325,145.4425,145.435,145.12
661,AAPL,2022-05-16 17:01:00,145.22995,145.325,145.4425,145.45999999999998,145.16
660,AAPL,2022-05-16 17:00:00,145.225,145.325,145.4425,145.45999999999998,145.11
659,AAPL,2022-05-16 16:59:00,145.22500000000002,145.325,145.4425,145.45999999999998,145.16
658,AAPL,2022-05-16 16:56:00,145.325,145.325,145.4425,145.45999999999998,145.06
657,AAPL,2022-05-16 16:55:00,145.325,145.325,145.45000000000002,145.45999999999998,145.08
656,AAPL,2022-05-16 16:53:00,145.325,145.325,145.4375,145.48915,145.14
655,AAPL,2022-05-16 16:51:00,145.325,145.325,145.42000000000002,145.58499999999998,145.14
654,AAPL,2022-05-16 16:50:00,145.325,145.325,145.41250000000002,145.58499999999998,145.15
653,AAPL,2022-05-16 16:49:00,145.325,145.325,145.41250000000002,145.58499999999998,145.15
652,AAPL,2022-05-16 16:48:00,145.325,145.325,145.41250000000002,145.58499999999998,145.14
651,AAPL,2022-05-16 16:47:00,145.325,145.325,145.41250000000002,145.58499999999998,145.18
650,AAPL,2022-05-16 16:46:00,145.405,145.405,145.43,145.58499999999998,145.18
649,AAPL,2022-05-16 16:45:00,145.41,145.405,145.4975,145.58499999999998,145.1868
648,AAPL,2022-05-16 16:44:00,145.41,145.405,145.4875,145.58499999999998,145.29
647,AAPL,2022-05-16 16:43:00,145.41,145.405,145.4875,145.58499999999998,145.33
646,AAPL,2022-05-16 16:42:00,145.41,145.405,145.48000000000002,145.58499999999998,145.37
645,AAPL,2022-05-16 16:41:00,145.41,145.405,145.48000000000002,145.58499999999998,145.3301
644,AAPL,2022-05-16 16:40:00,145.415,145.405,145.48000000000002,145.58499999999998,145.35
643,AAPL,2022-05-16 16:39:00,145.415,145.405,145.48000000000002,145.5975,145.33
642,AAPL,2022-05-16 16:38:00,145.415,145.405,145.48000000000002,145.61,145.3554
641,AAPL,2022-05-16 16:37:00,145.415,145.405,145.48000000000002,145.61,145.36
640,AAPL,2022-05-16 16:35:00,145.415,145.54000000000002,145.4025,145.76999999999998,145.3301
639,AAPL,2022-05-16 16:34:00,145.33499999999998,145.54000000000002,145.3775,145.76999999999998,145.33
638,AAPL,2022-05-16 16:33:00,145.36,145.54000000000002,145.36,145.76999999999998,145.33
637,AAPL,2022-05-16 16:32:00,145.345,145.54000000000002,145.385,145.76999999999998,145.2646
636,AAPL,2022-05-16 16:31:00,145.345,145.54000000000002,145.385,145.76999999999998,145.29
635,AAPL,2022-05-16 16:30:00,145.345,145.54000000000002,145.39749999999998,145.7749,145.2999
634,AAPL,2022-05-16 16:29:00,145.345,145.54000000000002,145.39749999999998,145.7749,145.26
633,AAPL,2022-05-16 16:28:00,145.345,145.54000000000002,145.39999999999998,145.88,145.28
632,AAPL,2022-05-16 16:27:00,145.345,145.54000000000002,145.39999999999998,146.04000000000002,145.26
631,AAPL,2022-05-16 16:26:00,145.36,145.54000000000002,145.4075,146.08499999999998,145.2599
630,AAPL,2022-05-16 16:25:00,145.405,145.47,145.422075,146.08499999999998,145.23
629,AAPL,2022-05-16 16:24:00,145.405,145.435,145.47,146.08499999999998,145.18
628,AAPL,2022-05-16 16:23:00,145.42000000000002,145.405,145.4875,146.1025,145.19
627,AAPL,2022-05-16 16:22:00,145.42000000000002,145.405,145.56,146.175,145.29
626,AAPL,2022-05-16 16:21:00,145.42000000000002,145.405,145.56,146.175,145.2
625,AAPL,2022-05-16 16:20:00,145.42000000000002,145.405,145.59085,146.20585,145.25
624,AAPL,2022-05-16 16:19:00,145.45499999999998,145.405,145.59085,146.20585,145.54
623,AAPL,2022-05-16 16:18:00,145.59,145.405,145.59085,146.20585,145.34
622,AAPL,2022-05-16 16:17:00,145.57,145.405,145.57085,146.20585,145.34
621,AAPL,2022-05-16 16:16:00,145.57,145.405,145.58835,146.20585,145.3
620,AAPL,2022-05-16 16:15:00,145.555,145.405,145.63085,146.20585,145.3
619,AAPL,2022-05-16 16:14:00,145.555,145.405,145.64999999999998,146.225,145.28
618,AAPL,2022-05-16 16:13:00,145.555,145.405,145.675,146.2375,145.3
617,AAPL,2022-05-16 16:11:00,145.555,145.405,145.68375,146.24,145.32
616,AAPL,2022-05-16 16:10:00,145.555,145.405,145.7,146.25,145.3499
615,AAPL,2022-05-16 16:09:00,145.555,145.405,145.75,146.3,145.34
614,AAPL,2022-05-16 16:08:00,145.45,145.35500000000002,145.86499999999998,146.45749999999998,145.35
613,AAPL,2022-05-16 16:07:00,145.39999999999998,145.35500000000002,145.88957499999998,146.46815,145.29
612,AAPL,2022-05-16 16:06:00,145.365,145.35500000000002,145.95250000000001,146.48315000000002,145.31
611,AAPL,2022-05-16 16:05:00,145.33499999999998,145.435,145.95250000000001,146.48315000000002,145.38
610,AAPL,2022-05-16 16:04:00,145.33499999999998,145.435,145.95250000000001,146.48315000000002,145.37
609,AAPL,2022-05-16 16:03:00,145.33499999999998,145.45999999999998,145.95495,146.53495,145.32
608,AAPL,2022-05-16 16:02:00,145.33499999999998,145.45999999999998,145.95495,146.53495,145.36
607,AAPL,2022-05-16 16:01:00,145.34,145.45999999999998,146.0075,146.53495,145.36
606,AAPL,2022-05-16 16:00:00,145.34,145.45999999999998,146.1775,146.62495,145.3
605,AAPL,2022-05-16 15:59:00,145.35500000000002,145.45999999999998,146.255,146.67995000000002,145.35
604,AAPL,2022-05-16 15:58:00,145.35500000000002,145.48915,146.255,146.67995000000002,145.42
603,AAPL,2022-05-16 15:57:00,145.35500000000002,145.58499999999998,146.24965,146.67995000000002,145.38
602,AAPL,2022-05-16 15:56:00,145.3725,145.6025,146.24965,146.67995000000002,145.3
601,AAPL,2022-05-16 15:55:00,145.445,145.675,146.24965,146.67995000000002,145.33
600,AAPL,2022-05-16 15:54:00,145.445,145.675,146.26125,146.67995000000002,145.32
599,AAPL,2022-05-16 15:53:00,145.47585,145.70585,146.26749999999998,146.67995000000002,145.3
598,AAPL,2022-05-16 15:52:00,145.47585,145.70585,146.26749999999998,146.67995000000002,145.42
597,AAPL,2022-05-16 15:51:00,145.47585,145.70585,146.3475,146.67995000000002,145.41
596,AAPL,2022-05-16 15:50:00,145.43585000000002,145.70585,146.3475,146.67995000000002,145.46
595,AAPL,2022-05-16 15:49:00,145.47084999999998,145.70585,146.3475,146.67995000000002,145.5099
594,AAPL,2022-05-16 15:48:00,145.55585000000002,145.70585,146.3875,146.71994999999998,145.5
593,AAPL,2022-05-16 15:47:00,145.575,145.725,146.3875,146.71994999999998,145.5
592,AAPL,2022-05-16 15:46:00,145.6125,145.7375,146.40494999999999,146.73495,145.5
591,AAPL,2022-05-16 15:45:00,145.615,145.7525,146.45495,146.78495,145.44
590,AAPL,2022-05-16 15:44:00,145.625,145.775,146.5075,146.78495,145.4
589,AAPL,2022-05-16 15:43:00,145.675,145.825,146.5875,146.78495,145.54
588,AAPL,2022-05-16 15:42:00,145.70999999999998,146.01999999999998,146.72625,146.83995,145.33
587,AAPL,2022-05-16 15:41:00,145.74915,146.03,146.726575,146.83995,145.37
586,AAPL,2022-05-16 15:40:00,145.86,146.04500000000002,146.73657500000002,146.84995,145.32
585,AAPL,2022-05-16 15:39:00,145.86,146.04500000000002,146.761575,146.87495,145.46
584,AAPL,2022-05-16 15:38:00,145.86,146.04500000000002,146.811575,146.92495000000002,145.44
583,AAPL,2022-05-16 15:37:00,145.86,146.0499,146.862475,146.94995,145.4699
582,AAPL,2022-05-16 15:36:00,145.86,146.0499,146.872475,146.95995,145.4
581,AAPL,2022-05-16 15:35:00,145.86,146.155,146.987475,147.07495,145.54
580,AAPL,2022-05-16 15:34:00,145.95,146.405,146.987475,147.07495,145.54
579,AAPL,2022-05-16 15:33:00,146.005,146.505,146.942475,147.07495,145.54
578,AAPL,2022-05-16 15:32:00,146.005,146.505,146.944975,147.07495,145.225
577,AAPL,2022-05-16 15:31:00,145.9943,146.505,146.949975,147.07495,145.1848
576,AAPL,2022-05-16 15:30:00,145.9943,146.505,146.969975,147.07495,145.075
575,AAPL,2022-05-16 15:29:00,145.9943,146.505,146.969975,147.07495,145.285
574,AAPL,2022-05-16 15:28:00,146.01749999999998,146.505,146.974975,147.07495,145.37
573,AAPL,2022-05-16 15:27:00,146.03,146.505,146.974975,147.05995000000001,145.4959
572,AAPL,2022-05-16 15:26:00,146.03,146.505,146.974975,147.05995000000001,145.5723
571,AAPL,2022-05-16 15:25:00,146.19,146.505,147.053725,146.96994999999998,145.575
570,AAPL,2022-05-16 15:24:00,146.19,146.505,147.05405,146.89995,145.46
569,AAPL,2022-05-16 15:23:00,146.19,146.505,147.05405,146.89995,145.425
568,AAPL,2022-05-16 15:22:00,146.23,146.545,147.05405,146.88495,145.465
567,AAPL,2022-05-16 15:21:00,146.23,146.545,147.05405,146.79945,145.28
566,AAPL,2022-05-16 15:20:00,146.2499,146.56,147.07995,146.78995,145.35
565,AAPL,2022-05-16 15:19:00,146.2999,146.61,147.10995,146.78995,145.4299
564,AAPL,2022-05-16 15:18:00,146.405,146.61,147.10995,146.78995,145.37
563,AAPL,2022-05-16 15:17:00,146.565,146.61,147.10995,146.78995,145.485
562,AAPL,2022-05-16 15:16:00,146.665,146.7875,147.21745,146.78995,145.505
561,AAPL,2022-05-16 15:15:00,146.665,146.78815,147.21245000000002,146.78995,145.545
560,AAPL,2022-05-16 15:14:00,146.675,146.79815000000002,147.21245000000002,146.77575000000002,145.675
559,AAPL,2022-05-16 15:13:00,146.7,146.82315,147.20370000000003,146.77575000000002,145.7501
558,AAPL,2022-05-16 15:12:00,146.75,146.87315,147.20370000000003,146.77575000000002,145.7809
557,AAPL,2022-05-16 15:11:00,146.77499999999998,146.94995,147.17624999999998,146.7508,145.875
556,AAPL,2022-05-16 15:10:00,146.785,146.95995,147.17624999999998,146.7508,145.77
555,AAPL,2022-05-16 15:09:00,146.89999999999998,147.07495,147.17624999999998,146.7508,145.64
554,AAPL,2022-05-16 15:08:00,146.89999999999998,147.07495,147.14595,146.7255,145.78
553,AAPL,2022-05-16 15:07:00,146.81,147.07495,147.14345,146.7255,145.8755
552,AAPL,2022-05-16 15:06:00,146.815,147.07495,147.13094999999998,146.7255,145.96
551,AAPL,2022-05-16 15:05:00,146.825,147.07495,147.13094999999998,146.7255,145.96
550,AAPL,2022-05-16 15:04:00,146.865,147.07495,147.0872,146.7255,146.015
549,AAPL,2022-05-16 15:03:00,146.865,147.07495,147.0572,146.7255,146.06
548,AAPL,2022-05-16 15:02:00,146.87,147.07995,147.0572,146.7255,146.03
547,AAPL,2022-05-16 15:01:00,146.87,147.07995,147.0497,146.7255,146.04
546,AAPL,2022-05-16 15:00:00,146.87,147.07995,146.995,146.67079999999999,146.01
545,AAPL,2022-05-16 14:59:00,147.02749999999997,147.07995,146.945,146.67079999999999,146.1142
544,AAPL,2022-05-16 14:58:00,147.02814999999998,147.07995,146.875,146.6408,146.05
543,AAPL,2022-05-16 14:54:00,147.02814999999998,147.07995,146.865,146.6308,145.8814
542,AAPL,2022-05-16 14:53:00,147.02814999999998,147.07995,146.79375,146.57580000000002,146.1
541,AAPL,2022-05-16 14:52:00,147.02814999999998,147.07995,146.73975000000002,146.57580000000002,145.9973
540,AAPL,2022-05-16 14:51:00,147.07995,147.07995,146.73250000000002,146.57580000000002,145.95
539,AAPL,2022-05-16 14:50:00,147.10995,147.10995,146.7525,146.57580000000002,146.2
538,AAPL,2022-05-16 14:49:00,147.10995,147.10995,146.7525,146.57580000000002,146.12
537,AAPL,2022-05-16 14:48:00,147.10995,147.10995,146.7475,146.57580000000002,146.12
536,AAPL,2022-05-16 14:47:00,147.30495000000002,147.12995,146.745,146.57580000000002,146.495
535,AAPL,2022-05-16 14:46:00,147.30495000000002,147.11995000000002,146.73250000000002,146.57580000000002,146.325
534,AAPL,2022-05-16 14:45:00,147.30495000000002,147.11995000000002,146.7254,146.57580000000002,146.3045
533,AAPL,2022-05-16 14:44:00,147.28745,147.11995000000002,146.7254,146.57580000000002,146.34
532,AAPL,2022-05-16 14:43:00,147.28745,147.11995000000002,146.7254,146.57580000000002,146.4068
531,AAPL,2022-05-16 14:42:00,147.2625,147.09,146.7254,146.57580000000002,146.5209
530,AAPL,2022-05-16 14:41:00,147.2625,147.09,146.6129,146.4708,146.4285
529,AAPL,2022-05-16 14:40:00,147.2625,147.09,146.6129,146.4708,146.75
528,AAPL,2022-05-16 14:39:00,147.2372,147.0547,146.5679,146.4708,147.06
527,AAPL,2022-05-16 14:38:00,147.2372,147.0497,146.53289999999998,146.42000000000002,146.97
526,AAPL,2022-05-16 14:37:00,147.2372,147.0247,146.53289999999998,146.37,146.855
525,AAPL,2022-05-16 14:36:00,147.2372,147.0247,146.5254,146.35750000000002,146.9599
524,AAPL,2022-05-16 14:35:00,147.1497,147.0247,146.48265,146.34,146.8893
523,AAPL,2022-05-16 14:34:00,147.0897,147.0247,146.4529,146.315,146.79
522,AAPL,2022-05-16 14:33:00,147.0897,147.0247,146.4429,146.305,146.8209
521,AAPL,2022-05-16 14:32:00,147.0897,147.0097,146.4429,146.305,146.8901
520,AAPL,2022-05-16 14:31:00,147.035,146.95499999999998,146.4229,146.28500000000003,146.91
519,AAPL,2022-05-16 14:30:00,147.025,146.865,146.33265,146.2695,146.955
518,AAPL,2022-05-16 14:29:00,146.985,146.765,146.32265,146.2695,146.96
517,AAPL,2022-05-16 14:28:00,146.975,146.755,146.31555,146.23950000000002,146.813
516,AAPL,2022-05-16 14:27:00,146.9025,146.685,146.30055000000002,146.23950000000002,146.905
515,AAPL,2022-05-16 14:26:00,146.88,146.5995,146.30055000000002,146.23950000000002,146.96
514,AAPL,2022-05-16 14:25:00,146.875,146.59,146.30055000000002,146.23950000000002,146.87
513,AAPL,2022-05-16 14:24:00,146.91500000000002,146.59,146.2877,146.21949999999998,146.725
512,AAPL,2022-05-16 14:23:00,146.91500000000002,146.59,146.2877,146.1695,146.8601
511,AAPL,2022-05-16 14:22:00,146.905,146.59,146.31305,146.11950000000002,146.805
510,AAPL,2022-05-16 14:21:00,146.9,146.59,146.31305,146.0695,147.315
509,AAPL,2022-05-16 14:20:00,146.875,146.59,146.31305,146.0695,147.3
508,AAPL,2022-05-16 14:19:00,146.875,146.57580000000002,146.356425,146.0399,147.22
507,AAPL,2022-05-16 14:18:00,146.875,146.57580000000002,146.40472499999998,145.9745,147.2006
506,AAPL,2022-05-16 14:17:00,146.875,146.57580000000002,146.40472499999998,145.9595,147.38
505,AAPL,2022-05-16 14:16:00,146.875,146.57580000000002,146.40472499999998,145.9595,147.3508
504,AAPL,2022-05-16 14:15:00,146.755,146.4708,146.4595,145.9595,147.3442
503,AAPL,2022-05-16 14:14:00,146.755,146.4708,146.46949999999998,145.9595,147.365
502,AAPL,2022-05-16 14:13:00,146.665,146.4708,146.46949999999998,145.9595,147.37
501,AAPL,2022-05-16 14:12:00,146.595,146.4708,146.40949999999998,145.9595,147.305
500,AAPL,2022-05-16 14:11:00,146.595,146.4708,146.3845,145.9595,147.25
499,AAPL,2022-05-16 14:10:00,146.57999999999998,146.4708,146.37824999999998,145.9595,147.1432
498,AAPL,2022-05-16 14:09:00,146.49450000000002,146.4708,146.3695,145.9595,147.21
497,AAPL,2022-05-16 14:08:00,146.46,146.44580000000002,146.3695,145.9595,147.2154
496,AAPL,2022-05-16 14:07:00,146.45,146.4358,146.392,145.9595,147.3183
495,AAPL,2022-05-16 14:06:00,146.45,146.4358,146.33,145.93,147.33
494,AAPL,2022-05-16 14:05:00,146.43,146.4158,146.3525,145.93,147.25
493,AAPL,2022-05-16 14:04:00,146.265,146.40030000000002,146.35500000000002,145.93,147.3
492,AAPL,2022-05-16 14:03:00,146.245,146.40030000000002,146.35500000000002,145.93,147.2387
491,AAPL,2022-05-16 14:02:00,146.2308,146.40030000000002,146.365,145.93,147.225
490,AAPL,2022-05-16 14:01:00,146.20080000000002,146.40030000000002,146.365,145.93,147.08
489,AAPL,2022-05-16 14:00:00,146.20080000000002,146.40030000000002,146.365,145.93,146.97
488,AAPL,2022-05-16 13:59:00,146.20080000000002,146.40030000000002,146.34857499999998,145.93,146.8758
487,AAPL,2022-05-16 13:58:00,146.1751,146.40030000000002,146.338575,145.93,146.9404
486,AAPL,2022-05-16 13:57:00,146.1751,146.40030000000002,146.305,145.93,146.85
485,AAPL,2022-05-16 13:56:00,146.2258,146.40030000000002,146.275,145.93,146.91
484,AAPL,2022-05-16 13:55:00,146.2258,146.40030000000002,146.18,145.93,146.81
483,AAPL,2022-05-16 13:54:00,146.2258,146.40030000000002,146.15500000000003,145.93,146.76
482,AAPL,2022-05-16 13:53:00,146.27835,146.4345,146.08905000000001,145.88510000000002,146.8655
481,AAPL,2022-05-16 13:52:00,146.34995,146.4595,146.04760000000002,145.88510000000002,146.8905
480,AAPL,2022-05-16 13:51:00,146.34995,146.4595,146.04010000000002,145.88510000000002,146.83
479,AAPL,2022-05-16 13:50:00,146.34995,146.4595,146.04010000000002,145.88510000000002,146.9672
478,AAPL,2022-05-16 13:49:00,146.4595,146.4595,145.995,145.84,146.8101
477,AAPL,2022-05-16 13:48:00,146.46949999999998,146.46949999999998,145.9161,145.7611,146.766
476,AAPL,2022-05-16 13:47:00,146.46949999999998,146.46949999999998,145.85,145.695,146.765
475,AAPL,2022-05-16 13:46:00,146.46949999999998,146.3495,145.85,145.695,146.755
474,AAPL,2022-05-16 13:45:00,146.46949999999998,146.29950000000002,145.835,145.695,146.665
473,AAPL,2022-05-16 13:44:00,146.46949999999998,146.287,145.835,145.695,146.74
472,AAPL,2022-05-16 13:43:00,146.46949999999998,146.2695,145.835,145.695,146.905
471,AAPL,2022-05-16 13:42:00,146.46949999999998,146.2695,145.835,145.695,146.84
470,AAPL,2022-05-16 13:41:00,146.5145,146.2695,145.825,145.695,146.7093
469,AAPL,2022-05-16 13:40:00,146.42000000000002,146.24,145.8,145.695,146.73
468,AAPL,2022-05-16 13:39:00,146.46499999999997,146.24,145.765,145.685,146.77
467,AAPL,2022-05-16 13:38:00,146.47,146.24,145.735,145.68,146.43
466,AAPL,2022-05-16 13:37:00,146.47,146.24,145.73000000000002,145.675,146.39
465,AAPL,2022-05-16 13:36:00,146.52,146.21,145.5352,145.57,146.39
464,AAPL,2022-05-16 13:35:00,146.52,146.21,145.5025,145.57,146.33
463,AAPL,2022-05-16 13:34:00,146.52,146.21,145.495,145.575,146.13
462,AAPL,2022-05-16 13:33:00,146.48714999999999,146.21,145.495,145.575,146.305
461,AAPL,2022-05-16 13:32:00,146.48714999999999,146.19,145.44375,145.6049,146.23
460,AAPL,2022-05-16 13:31:00,146.47,146.14,145.42249999999999,145.695,146.19
459,AAPL,2022-05-16 13:30:00,146.46,146.09,145.4175,145.695,146.1699
458,AAPL,2022-05-16 13:29:00,146.32,146.04000000000002,145.4025,145.6975,146.19
457,AAPL,2022-05-16 13:28:00,146.27,146.04000000000002,145.4025,145.7179,146.1598
456,AAPL,2022-05-16 13:27:00,146.2126,145.96550000000002,145.43165,145.745,146.105
455,AAPL,2022-05-16 13:26:00,146.19510000000002,145.9001,145.4575,145.81,146.21
454,AAPL,2022-05-16 13:25:00,146.19510000000002,145.88510000000002,145.54025000000001,145.85,146.235
453,AAPL,2022-05-16 13:24:00,146.19510000000002,145.88510000000002,145.565,145.85,146.1905
452,AAPL,2022-05-16 13:23:00,146.15,145.84,145.565,145.85,146.19
451,AAPL,2022-05-16 13:22:00,146.0711,145.7611,145.565,145.8534,146.28
450,AAPL,2022-05-16 13:21:00,146.005,145.695,145.565,145.96499999999997,146.355
449,AAPL,2022-05-16 13:20:00,146.005,145.695,145.57,145.96499999999997,146.33
448,AAPL,2022-05-16 13:19:00,145.97500000000002,145.695,145.54250000000002,146.015,146.3
447,AAPL,2022-05-16 13:18:00,145.97500000000002,145.695,145.54250000000002,146.015,146.4598
446,AAPL,2022-05-16 13:17:00,145.97500000000002,145.695,145.54250000000002,146.015,146.41
445,AAPL,2022-05-16 13:16:00,145.97500000000002,145.695,145.54250000000002,146.015,146.34
444,AAPL,2022-05-16 13:15:00,145.95499999999998,145.695,145.5325,146.015,146.46
443,AAPL,2022-05-16 13:14:00,145.905,145.695,145.52999999999997,146.015,146.485
442,AAPL,2022-05-16 13:13:00,145.845,145.685,145.51999999999998,146.08499999999998,146.4
441,AAPL,2022-05-16 13:12:00,145.79000000000002,145.68,145.51,146.08499999999998,146.43
440,AAPL,2022-05-16 13:11:00,145.785,145.675,145.52975,146.08499999999998,146.385
439,AAPL,2022-05-16 13:10:00,145.5754,145.495,145.578,146.0855,146.4147
438,AAPL,2022-05-16 13:09:00,145.51,145.495,145.6225,146.10500000000002,146.535
437,AAPL,2022-05-16 13:08:00,145.495,145.495,145.625,146.10500000000002,146.395
436,AAPL,2022-05-16 13:07:00,145.495,145.495,145.625,146.10500000000002,146.42
435,AAPL,2022-05-16 13:06:00,145.4375,145.45,145.63995,146.10500000000002,146.455
434,AAPL,2022-05-16 13:05:00,145.39499999999998,145.45,145.71795000000003,146.13795,146.5593
433,AAPL,2022-05-16 13:04:00,145.385,145.45,145.75035000000003,146.17034999999998,146.6301
432,AAPL,2022-05-16 13:03:00,145.35500000000002,145.45,145.79875,146.20999999999998,146.59
431,AAPL,2022-05-16 13:02:00,145.35500000000002,145.45,145.81645,146.20999999999998,146.66
430,AAPL,2022-05-16 13:01:00,145.35829999999999,145.505,145.82999999999998,146.19004999999999,146.535
429,AAPL,2022-05-16 13:00:00,145.36,145.555,145.85500000000002,146.1325,146.54
428,AAPL,2022-05-16 12:59:00,145.4855,145.595,145.85500000000002,146.10500000000002,146.3932
427,AAPL,2022-05-16 12:58:00,145.535,145.595,145.83999999999997,146.10500000000002,146.445
426,AAPL,2022-05-16 12:57:00,145.535,145.595,145.82999999999998,146.10500000000002,146.51
425,AAPL,2022-05-16 12:56:00,145.535,145.595,145.8317,146.10500000000002,146.3299
424,AAPL,2022-05-16 12:55:00,145.535,145.595,145.89749999999998,146.025,146.21
423,AAPL,2022-05-16 12:54:00,145.54500000000002,145.595,145.9125,145.98000000000002,145.9665
422,AAPL,2022-05-16 12:53:00,145.49,145.595,145.9375,145.865,145.8599
421,AAPL,2022-05-16 12:52:00,145.49,145.595,145.9375,145.865,145.935
420,AAPL,2022-05-16 12:51:00,145.49,145.595,145.94,145.865,145.98
419,AAPL,2022-05-16 12:50:00,145.49,145.595,145.94,145.865,146.12
418,AAPL,2022-05-16 12:49:00,145.47,145.595,146.03494999999998,145.865,146.0907
417,AAPL,2022-05-16 12:48:00,145.46499999999997,145.595,146.13,145.865,146.13
416,AAPL,2022-05-16 12:47:00,145.445,145.595,146.16500000000002,145.865,146.1699
415,AAPL,2022-05-16 12:46:00,145.425,145.595,146.16625,145.865,146.1
414,AAPL,2022-05-16 12:45:00,145.4495,145.61,146.17645,145.865,146.13
413,AAPL,2022-05-16 12:44:00,145.5455,145.6105,146.19,145.865,145.72
412,AAPL,2022-05-16 12:43:00,145.615,145.63,146.22250000000003,145.865,145.785
411,AAPL,2022-05-16 12:42:00,145.615,145.635,146.22250000000003,145.865,145.74
410,AAPL,2022-05-16 12:41:00,145.615,145.635,146.2425,145.865,145.78
409,AAPL,2022-05-16 12:40:00,145.615,145.6649,146.2725,145.865,145.7239
408,AAPL,2022-05-16 12:39:00,145.64795,145.78795000000002,146.2892,145.865,145.6001
407,AAPL,2022-05-16 12:38:00,145.68035,145.82035000000002,146.345,145.865,145.5955
406,AAPL,2022-05-16 12:37:00,145.735,145.8625,146.345,145.865,145.4406
405,AAPL,2022-05-16 12:36:00,145.75,145.8829,146.38500000000002,145.865,145.366
404,AAPL,2022-05-16 12:35:00,145.75,145.91,146.302525,145.865,145.31
403,AAPL,2022-05-16 12:34:00,145.735,145.975,146.27375,145.865,145.2229
402,AAPL,2022-05-16 12:33:00,145.735,145.975,146.26000000000002,145.865,145.38
401,AAPL,2022-05-16 12:32:00,145.70499999999998,145.975,146.26000000000002,145.865,145.4163
400,AAPL,2022-05-16 12:31:00,145.685,145.975,146.29250000000002,145.865,145.43
399,AAPL,2022-05-16 12:30:00,145.685,145.9784,146.3775,145.865,145.435
398,AAPL,2022-05-16 12:29:00,145.70499999999998,146.08999999999997,146.3375,145.865,145.4
397,AAPL,2022-05-16 12:28:00,145.735,146.08999999999997,146.27,145.865,145.44
396,AAPL,2022-05-16 12:27:00,145.735,146.14,146.175,145.865,145.51
395,AAPL,2022-05-16 12:26:00,145.735,146.14,146.175,145.8247,145.52
394,AAPL,2022-05-16 12:25:00,145.74,146.14,146.12625,145.76,145.5
393,AAPL,2022-05-16 12:24:00,145.74,146.14,146.11,145.7108,145.6
392,AAPL,2022-05-16 12:23:00,145.8499,146.22,146.11,145.7108,145.69
391,AAPL,2022-05-16 12:22:00,145.99,146.27,146.11,145.7108,145.6601
390,AAPL,2022-05-16 12:21:00,145.99,146.34,146.065,145.6658,145.515
389,AAPL,2022-05-16 12:20:00,145.9925,146.34,145.94985,145.47985,145.515
388,AAPL,2022-05-16 12:19:00,146.0129,146.34,145.74885,145.27885,145.3431
387,AAPL,2022-05-16 12:18:00,146.04000000000002,146.34,145.66637500000002,145.25885,145.35
386,AAPL,2022-05-16 12:17:00,146.10500000000002,146.34,145.60375,145.16500000000002,145.355
385,AAPL,2022-05-16 12:16:00,146.10500000000002,146.34,145.54000000000002,145.115,145.3499
384,AAPL,2022-05-16 12:15:00,146.13,146.35500000000002,145.54000000000002,145.115,145.38
383,AAPL,2022-05-16 12:14:00,146.19,146.35500000000002,145.54000000000002,145.115,145.3999
382,AAPL,2022-05-16 12:13:00,146.2234,146.35500000000002,145.535,145.11,145.38
381,AAPL,2022-05-16 12:12:00,146.33499999999998,146.35500000000002,145.485,145.10000000000002,145.4007
380,AAPL,2022-05-16 12:11:00,146.33499999999998,146.35500000000002,145.45499999999998,145.0925,145.58
379,AAPL,2022-05-16 12:10:00,146.41500000000002,146.35500000000002,145.39749999999998,145.0925,145.66
378,AAPL,2022-05-16 12:09:00,146.41500000000002,146.19004999999999,145.29,144.985,145.83
377,AAPL,2022-05-16 12:08:00,146.41500000000002,146.1325,145.29,144.985,145.68
376,AAPL,2022-05-16 12:07:00,146.41500000000002,146.10500000000002,145.29,144.985,145.715
375,AAPL,2022-05-16 12:06:00,146.41500000000002,146.10500000000002,145.29,144.985,145.86
374,AAPL,2022-05-16 12:05:00,146.48000000000002,146.10500000000002,145.29,144.985,145.5958
373,AAPL,2022-05-16 12:04:00,146.65,146.10500000000002,145.21795,144.91295000000002,145.62
372,AAPL,2022-05-16 12:03:00,146.65,146.025,145.08875,144.79000000000002,145.7301
371,AAPL,2022-05-16 12:02:00,146.56,145.98000000000002,145.08875,144.79000000000002,145.795
370,AAPL,2022-05-16 12:01:00,146.485,145.865,145.10125000000002,144.79000000000002,145.7801
369,AAPL,2022-05-16 12:00:00,146.485,145.865,145.0786,144.9,145.695
368,AAPL,2022-05-16 11:59:00,146.3875,145.865,145.0075,144.9,145.718
367,AAPL,2022-05-16 11:58:00,146.35500000000002,145.865,144.97289999999998,144.9,145.665
366,AAPL,2022-05-16 11:57:00,146.35500000000002,145.865,144.9854,144.9,145.67
365,AAPL,2022-05-16 11:56:00,146.35500000000002,145.865,144.98942499999998,144.91995,145.84
364,AAPL,2022-05-16 11:55:00,146.31,145.82,144.98942499999998,144.91995,145.8
363,AAPL,2022-05-16 11:54:00,146.19485,145.70485,144.954025,144.95499999999998,145.8734
362,AAPL,2022-05-16 11:53:00,145.99385,145.50385,144.96375,144.95499999999998,145.959
361,AAPL,2022-05-16 11:52:00,145.8289,145.50385,144.98000000000002,144.95499999999998,145.875
360,AAPL,2022-05-16 11:51:00,145.7375,145.47,144.97250000000003,144.9725,145.8205
359,AAPL,2022-05-16 11:50:00,145.66000000000003,145.42000000000002,144.97250000000003,145.10000000000002,145.95
358,AAPL,2022-05-16 11:49:00,145.66000000000003,145.42000000000002,144.96,145.185,145.795
357,AAPL,2022-05-16 11:48:00,145.66000000000003,145.42000000000002,144.95000000000002,145.315,145.9845
356,AAPL,2022-05-16 11:47:00,145.655,145.415,144.94500000000002,145.365,146.135
355,AAPL,2022-05-16 11:46:00,145.565,145.405,144.94500000000002,145.42000000000002,146.14
354,AAPL,2022-05-16 11:45:00,145.5125,145.39749999999998,144.94500000000002,145.42000000000002,146.045
353,AAPL,2022-05-16 11:44:00,145.39749999999998,145.39749999999998,144.94500000000002,145.42000000000002,146.22
352,AAPL,2022-05-16 11:43:00,145.29,145.29,144.92235,145.42000000000002,146.28
351,AAPL,2022-05-16 11:42:00,145.29,145.29,144.84,145.42000000000002,146.3726
350,AAPL,2022-05-16 11:41:00,145.29,145.29,144.7454,145.42000000000002,146.355
349,AAPL,2022-05-16 11:40:00,145.29,145.29,144.7454,145.42000000000002,146.28
348,AAPL,2022-05-16 11:39:00,145.29,145.29,144.7454,145.42000000000002,146.16
347,AAPL,2022-05-16 11:38:00,145.21795,145.21795,144.7454,145.42000000000002,146.44
346,AAPL,2022-05-16 11:37:00,145.08249999999998,145.095,144.71,145.42000000000002,146.6292
345,AAPL,2022-05-16 11:36:00,145.08249999999998,145.095,144.72250000000003,145.42000000000002,146.5
344,AAPL,2022-05-16 11:35:00,145.10250000000002,145.10000000000002,144.723375,145.42000000000002,146.6146
343,AAPL,2022-05-16 11:34:00,145.10250000000002,145.0547,144.72750000000002,145.42000000000002,146.43
342,AAPL,2022-05-16 11:33:00,145.025,144.99,144.72750000000002,145.42000000000002,146.65
341,AAPL,2022-05-16 11:32:00,145.005,144.9408,144.72750000000002,145.42000000000002,146.5093
340,AAPL,2022-05-16 11:31:00,145.03,144.9408,144.72750000000002,145.42000000000002,146.55
339,AAPL,2022-05-16 11:30:00,145.03805,144.9408,144.707475,145.42000000000002,146.62
338,AAPL,2022-05-16 11:29:00,145.03805,144.9408,144.702475,145.42000000000002,146.845
337,AAPL,2022-05-16 11:28:00,145.03805,144.87,144.73,145.42000000000002,146.615
336,AAPL,2022-05-16 11:27:00,145.0575,144.87,144.7325,145.42000000000002,146.2
335,AAPL,2022-05-16 11:26:00,145.11,144.85000000000002,144.745,145.42000000000002,146.13
334,AAPL,2022-05-16 11:25:00,145.155,144.79000000000002,144.87374999999997,145.54,146.09
333,AAPL,2022-05-16 11:24:00,145.155,144.79000000000002,145.035,145.5625,145.83
332,AAPL,2022-05-16 11:23:00,145.13,144.79000000000002,145.08905,145.57405,145.98
331,AAPL,2022-05-16 11:22:00,145.11,144.79000000000002,145.19,145.61,146.0198
330,AAPL,2022-05-16 11:21:00,145.10000000000002,144.79000000000002,145.215,145.61,145.97
329,AAPL,2022-05-16 11:20:00,145.10000000000002,144.79000000000002,145.26749999999998,145.635,145.97
328,AAPL,2022-05-16 11:19:00,145.10000000000002,144.79000000000002,145.28,145.635,145.94
327,AAPL,2022-05-16 11:18:00,145.10000000000002,144.79000000000002,145.313375,145.62605,145.97
326,AAPL,2022-05-16 11:17:00,145.0547,144.79000000000002,145.375,145.62605,145.48
325,AAPL,2022-05-16 11:16:00,144.94,144.74,145.48000000000002,145.62605,145.37
324,AAPL,2022-05-16 11:15:00,144.80579999999998,144.685,145.48000000000002,145.62605,145.44
323,AAPL,2022-05-16 11:14:00,144.80579999999998,144.685,145.48000000000002,145.62605,145.56
322,AAPL,2022-05-16 11:13:00,144.80579999999998,144.685,145.494975,145.62605,145.72
321,AAPL,2022-05-16 11:12:00,144.80579999999998,144.685,145.504975,145.62605,145.54
320,AAPL,2022-05-16 11:11:00,144.735,144.685,145.6025,145.62605,145.14
319,AAPL,2022-05-16 11:10:00,144.735,144.71,145.6375,145.62605,145.01
318,AAPL,2022-05-16 11:09:00,144.67000000000002,144.77675,145.7175,145.62605,144.93
317,AAPL,2022-05-16 11:08:00,144.555,144.9,145.72625,145.62605,145.37
316,AAPL,2022-05-16 11:07:00,144.555,144.9,145.79,145.62605,145.105
315,AAPL,2022-05-16 11:06:00,144.555,144.9,145.7975,145.62605,144.85
314,AAPL,2022-05-16 11:05:00,144.555,144.9,145.88,145.62605,145.1289
313,AAPL,2022-05-16 11:04:00,144.495,144.91995,145.905,145.57999999999998,145.08
312,AAPL,2022-05-16 11:03:00,144.485,144.91995,145.9325,145.5,145.02
311,AAPL,2022-05-16 11:02:00,144.505,144.95499999999998,145.9325,145.5,144.925
310,AAPL,2022-05-16 11:01:00,144.51,144.95499999999998,145.9325,145.5,145.0656
309,AAPL,2022-05-16 11:00:00,144.535,144.95499999999998,145.9325,145.5,145.055
308,AAPL,2022-05-16 10:59:00,144.65499999999997,145.09249999999997,146.03,145.5,144.9308
307,AAPL,2022-05-16 10:58:00,144.8275,145.2425,146.075,145.5,144.995
306,AAPL,2022-05-16 10:57:00,144.83905,145.33905,146.079975,145.5,145.01
305,AAPL,2022-05-16 10:56:00,144.875,145.505,146.069975,145.5,145.16
304,AAPL,2022-05-16 10:55:00,144.875,145.555,146.036225,145.5,144.98
303,AAPL,2022-05-16 10:54:00,144.9,145.635,145.91997500000002,145.445,144.99
302,AAPL,2022-05-16 10:53:00,144.925,145.635,145.9,145.445,145.135
301,AAPL,2022-05-16 10:52:00,144.99175000000002,145.635,145.883025,145.445,145.2555
300,AAPL,2022-05-16 10:51:00,145.115,145.635,145.883025,145.445,145.31
299,AAPL,2022-05-16 10:50:00,145.22,145.74,145.86552500000002,145.445,145.27
298,AAPL,2022-05-16 10:49:00,145.22,145.74,145.698025,145.445,144.94
297,AAPL,2022-05-16 10:48:00,145.22,145.74,145.693025,145.445,144.92
296,AAPL,2022-05-16 10:47:00,145.24495000000002,145.745,145.693025,145.445,144.93
295,AAPL,2022-05-16 10:46:00,145.25495,145.755,145.638025,145.39,145.0
294,AAPL,2022-05-16 10:45:00,145.37,145.83499999999998,145.592425,145.3444,145.01
293,AAPL,2022-05-16 10:44:00,145.405,145.87,145.592425,145.3444,144.88
292,AAPL,2022-05-16 10:43:00,145.485,145.95,145.592425,145.3444,144.99
291,AAPL,2022-05-16 10:42:00,145.5025,145.95,145.592425,145.365,144.7
290,AAPL,2022-05-16 10:41:00,145.63,145.95,145.393025,145.365,144.64
289,AAPL,2022-05-16 10:40:00,145.715,145.88,145.21302500000002,145.365,144.5429
288,AAPL,2022-05-16 10:39:00,145.89,145.87,145.203025,145.365,144.7293
287,AAPL,2022-05-16 10:38:00,145.94,145.87,145.14625,145.365,144.74
286,AAPL,2022-05-16 10:37:00,145.995,145.87,145.03,145.365,144.56
285,AAPL,2022-05-16 10:36:00,145.995,145.87,145.03,145.4,144.39
284,AAPL,2022-05-16 10:35:00,145.995,145.87,145.135525,145.46,144.635
283,AAPL,2022-05-16 10:34:00,145.995,145.87,145.165525,145.46495,144.3201
282,AAPL,2022-05-16 10:33:00,146.19,145.87,145.165525,145.46495,144.43
281,AAPL,2022-05-16 10:32:00,146.28,145.87,145.13552499999997,145.505,144.51
280,AAPL,2022-05-16 10:31:00,146.28995,145.87,145.13552499999997,145.505,144.68
279,AAPL,2022-05-16 10:30:00,146.28995,145.85,145.13552499999997,145.505,144.6
278,AAPL,2022-05-16 10:29:00,146.28995,145.7825,145.165525,145.505,144.655
277,AAPL,2022-05-16 10:28:00,146.23495000000003,145.60500000000002,145.165525,145.5369,144.76
276,AAPL,2022-05-16 10:27:00,146.195,145.60500000000002,145.168025,145.59,144.71
275,AAPL,2022-05-16 10:26:00,146.195,145.57105,145.2475,145.59,144.8
274,AAPL,2022-05-16 10:25:00,146.195,145.57105,145.2525,145.59,144.85
273,AAPL,2022-05-16 10:24:00,146.16000000000003,145.57105,145.2275,145.59,144.83
272,AAPL,2022-05-16 10:23:00,145.825,145.57105,145.195,145.60694999999998,144.89
271,AAPL,2022-05-16 10:22:00,145.815,145.57105,145.195,145.61,144.9448
270,AAPL,2022-05-16 10:21:00,145.815,145.57105,145.14499999999998,145.615,144.97
269,AAPL,2022-05-16 10:20:00,145.76,145.51605,145.105,145.64249999999998,144.92
268,AAPL,2022-05-16 10:19:00,145.7144,145.47045,145.105,145.66,145.04
267,AAPL,2022-05-16 10:18:00,145.7144,145.47045,145.245,145.66,145.23
266,AAPL,2022-05-16 10:17:00,145.7144,145.47045,145.28,145.66,145.3899
265,AAPL,2022-05-16 10:16:00,145.7144,145.47045,145.315,145.66,145.475
264,AAPL,2022-05-16 10:15:00,145.515,145.27105,145.315,145.66,145.48
263,AAPL,2022-05-16 10:14:00,145.335,145.09105,145.315,145.66,145.35
262,AAPL,2022-05-16 10:13:00,145.315,145.09105,145.315,145.68470000000002,145.555
261,AAPL,2022-05-16 10:12:00,145.2475,145.04500000000002,145.315,145.68470000000002,145.6301
260,AAPL,2022-05-16 10:11:00,145.11,144.95,145.5375,145.89495,145.44
259,AAPL,2022-05-16 10:10:00,145.11,144.95,145.5675,145.91385,145.5868
258,AAPL,2022-05-16 10:09:00,145.07605,145.195,145.5575,145.91385,145.62
257,AAPL,2022-05-16 10:08:00,145.06605,145.265,145.451225,145.91385,145.44
256,AAPL,2022-05-16 10:07:00,145.06605,145.265,145.451225,145.91385,145.7399
255,AAPL,2022-05-16 10:06:00,145.00605,145.265,145.505,145.91385,145.99
254,AAPL,2022-05-16 10:05:00,145.00605,145.265,145.505,145.91385,146.1901
253,AAPL,2022-05-16 10:04:00,145.00605,145.265,145.505,145.91385,146.43
252,AAPL,2022-05-16 10:03:00,145.06605,145.265,145.505,145.92000000000002,146.5
251,AAPL,2022-05-16 10:02:00,145.06605,145.265,145.52095,145.96499999999997,146.22
250,AAPL,2022-05-16 10:01:00,145.07105,145.265,145.6375,145.96499999999997,146.25
249,AAPL,2022-05-16 10:00:00,145.23000000000002,145.265,145.6875,146.015,146.142
248,AAPL,2022-05-16 09:59:00,145.24,145.265,145.7425,146.035,146.1027
247,AAPL,2022-05-16 09:58:00,145.19,145.265,145.85750000000002,146.14999999999998,146.015
246,AAPL,2022-05-16 09:57:00,145.125,145.265,145.865975,146.20999999999998,146.0866
245,AAPL,2022-05-16 09:56:00,145.125,145.265,145.8675,146.20999999999998,146.18
244,AAPL,2022-05-16 09:55:00,145.025,145.265,146.02499999999998,146.365,146.195
243,AAPL,2022-05-16 09:54:00,144.945,145.265,146.03875,146.365,146.36
242,AAPL,2022-05-16 09:53:00,144.945,145.265,146.26,146.56,146.05
241,AAPL,2022-05-16 09:52:00,145.195,145.29500000000002,146.42499999999998,146.73,146.07
240,AAPL,2022-05-16 09:51:00,145.265,145.29500000000002,146.427475,146.73,146.2399
239,AAPL,2022-05-16 09:50:00,145.265,145.365,146.427475,146.73,146.18
238,AAPL,2022-05-16 09:49:00,145.265,145.365,146.4475,146.73,145.778
237,AAPL,2022-05-16 09:48:00,145.265,145.365,146.4475,146.73,145.1585
236,AAPL,2022-05-16 09:47:00,145.265,145.365,146.47485,146.745,145.29
235,AAPL,2022-05-16 09:46:00,145.265,145.365,146.47485,146.745,145.56
234,AAPL,2022-05-16 09:45:00,145.515,145.56,146.59842500000002,146.845,145.525
233,AAPL,2022-05-16 09:44:00,145.54,145.595,146.684425,146.89499999999998,145.28
232,AAPL,2022-05-16 09:43:00,145.45999999999998,145.655,146.684425,146.89499999999998,145.46
231,AAPL,2022-05-16 09:42:00,145.2425,145.65994999999998,146.684425,146.89499999999998,145.43
230,AAPL,2022-05-16 09:41:00,145.2425,145.65994999999998,146.73442500000002,146.945,145.42
229,AAPL,2022-05-16 09:40:00,145.31,145.7,146.74290000000002,146.945,145.29
228,AAPL,2022-05-16 09:39:00,145.31,145.7,146.744425,146.945,145.385
227,AAPL,2022-05-16 09:38:00,145.31,145.7,146.746925,146.94,145.16
226,AAPL,2022-05-16 09:37:00,145.31,145.7,146.76375000000002,146.94,144.9199
225,AAPL,2022-05-16 09:36:00,145.31,145.7319,146.79500000000002,146.93,144.705
224,AAPL,2022-05-16 09:35:00,145.49,145.785,146.89499999999998,146.93,144.657
223,AAPL,2022-05-16 09:34:00,145.54000000000002,145.835,146.89499999999998,146.89515,145.02
222,AAPL,2022-05-16 09:33:00,145.63,145.85500000000002,146.89499999999998,146.89499999999998,145.02
221,AAPL,2022-05-16 09:32:00,145.745,145.97,146.89499999999998,146.88664999999997,145.16
220,AAPL,2022-05-16 09:31:00,145.745,145.98694999999998,146.95,146.87,145.27
219,AAPL,2022-05-16 09:30:00,145.745,145.99,146.96235000000001,146.83499999999998,145.145
218,AAPL,2022-05-16 09:29:00,145.89999999999998,146.14999999999998,146.96235000000001,146.80915,145.2101
217,AAPL,2022-05-16 09:28:00,145.89999999999998,146.1775,146.96997499999998,146.80915,145.27
216,AAPL,2022-05-16 09:27:00,146.13,146.39,146.979425,146.80915,145.4
215,AAPL,2022-05-16 09:26:00,146.325,146.52499999999998,146.996925,146.73,145.535
214,AAPL,2022-05-16 09:25:00,146.32995,146.52499999999998,147.006975,146.72039999999998,145.2401
213,AAPL,2022-05-16 09:24:00,146.32995,146.52499999999998,147.007975,146.72039999999998,145.22
212,AAPL,2022-05-16 09:23:00,146.37,146.52499999999998,147.011925,146.72039999999998,144.86
211,AAPL,2022-05-16 09:22:00,146.37,146.52499999999998,147.016925,146.72039999999998,144.84
210,AAPL,2022-05-16 09:21:00,146.385,146.56470000000002,147.016925,146.72039999999998,144.8899
209,AAPL,2022-05-16 09:20:00,146.385,146.56470000000002,147.01999999999998,146.72039999999998,144.5
208,AAPL,2022-05-16 09:19:00,146.51690000000002,146.67995000000002,147.0425,146.72039999999998,144.85
207,AAPL,2022-05-16 09:18:00,146.62,146.74885,147.0425,146.72039999999998,145.3
206,AAPL,2022-05-16 09:17:00,146.62,146.74885,147.0225,146.69,146.06
205,AAPL,2022-05-16 09:16:00,146.62,146.74885,147.0225,146.69,145.63
204,AAPL,2022-05-16 09:15:00,146.67000000000002,146.79885000000002,147.0225,146.69,145.095
203,AAPL,2022-05-16 09:14:00,146.68695,146.79885000000002,147.0525,146.69,145.52
202,AAPL,2022-05-16 09:13:00,146.69,146.79885000000002,147.055,146.69,145.47
201,AAPL,2022-05-16 09:12:00,146.695,146.79885000000002,147.0525,146.69,145.4925
200,AAPL,2022-05-16 09:11:00,146.7225,146.805,147.0525,146.69,145.125
199,AAPL,2022-05-16 09:10:00,146.74,146.85,147.0475,146.69,145.12
198,AAPL,2022-05-16 09:09:00,146.83999999999997,146.95,147.065,146.69,145.11
197,AAPL,2022-05-16 09:08:00,146.83999999999997,146.95,147.047575,146.69,145.06
196,AAPL,2022-05-16 09:07:00,146.83999999999997,146.95,147.04749999999999,146.69,144.88
195,AAPL,2022-05-16 09:06:00,146.83999999999997,146.95,147.033325,146.69,145.42
194,AAPL,2022-05-16 09:05:00,146.865,147.035,147.025,146.69,145.39
193,AAPL,2022-05-16 09:04:00,146.8897,147.035,147.0025,146.69,145.3545
192,AAPL,2022-05-16 09:03:00,146.8897,147.035,146.989575,146.69,145.61
191,AAPL,2022-05-16 09:02:00,146.90494999999999,147.035,146.969575,146.69,145.73
190,AAPL,2022-05-16 09:01:00,146.92385000000002,147.035,146.94957499999998,146.69,145.8
189,AAPL,2022-05-16 09:00:00,146.92385000000002,147.07,146.87,146.67000000000002,146.15
188,AAPL,2022-05-16 08:59:00,146.9339,147.08005,146.8452,146.65,146.3599
187,AAPL,2022-05-16 08:58:00,146.9349,147.08105,146.7652,146.57,146.28
186,AAPL,2022-05-16 08:57:00,146.93885,147.08499999999998,146.7652,146.57,146.2
185,AAPL,2022-05-16 08:56:00,146.94385,147.08999999999997,146.725175,146.57,146.13
184,AAPL,2022-05-16 08:55:00,146.94385,147.08999999999997,146.6352,146.495,146.11
183,AAPL,2022-05-16 08:54:00,146.95,147.08999999999997,146.6352,146.495,146.26
182,AAPL,2022-05-16 08:53:00,146.995,147.08999999999997,146.5802,146.445,146.3
181,AAPL,2022-05-16 08:52:00,146.995,147.08999999999997,146.5802,146.445,146.45
180,AAPL,2022-05-16 08:51:00,146.995,147.05,146.547575,146.445,146.5301
179,AAPL,2022-05-16 08:50:00,146.995,147.05,146.5475,146.445,146.5
178,AAPL,2022-05-16 08:49:00,146.995,147.05,146.54332499999998,146.445,146.52
177,AAPL,2022-05-16 08:48:00,147.055,147.05,146.485,146.395,146.65
176,AAPL,2022-05-16 08:47:00,147.14005,146.96994999999998,146.36489999999998,146.2924,146.52
175,AAPL,2022-05-16 08:46:00,147.165,146.94,146.304575,146.245,146.6002
174,AAPL,2022-05-16 08:45:00,147.165,146.94,146.304575,146.245,146.5613
173,AAPL,2022-05-16 08:44:00,147.165,146.93,146.299575,146.245,146.51
172,AAPL,2022-05-16 08:43:00,147.2,146.93,146.26,146.245,146.8348
171,AAPL,2022-05-16 08:42:00,147.2,146.89515,146.2527,146.245,146.79
170,AAPL,2022-05-16 08:41:00,147.2,146.89499999999998,146.2527,146.245,146.71
169,AAPL,2022-05-16 08:40:00,147.18,146.88664999999997,146.2527,146.245,146.7
168,AAPL,2022-05-16 08:39:00,147.18,146.87,146.2327,146.245,146.87
167,AAPL,2022-05-16 08:38:00,147.17,146.83499999999998,146.2327,146.245,146.8
166,AAPL,2022-05-16 08:37:00,147.17,146.80915,146.2477,146.245,146.9198
165,AAPL,2022-05-16 08:36:00,147.13,146.80915,146.2477,146.245,146.98
164,AAPL,2022-05-16 08:35:00,147.08999999999997,146.80915,146.2577,146.245,146.85
163,AAPL,2022-05-16 08:34:00,147.03,146.70999999999998,146.2425,146.245,146.7501
162,AAPL,2022-05-16 08:33:00,147.01,146.68040000000002,146.2425,146.245,146.81
161,AAPL,2022-05-16 08:32:00,146.93,146.6004,146.2425,146.245,146.82
160,AAPL,2022-05-16 08:31:00,146.93,146.6004,146.2425,146.245,146.78
159,AAPL,2022-05-16 08:30:00,146.84995,146.6004,146.245,146.245,146.97
158,AAPL,2022-05-16 08:29:00,146.745,146.5254,146.245,146.245,147.0
157,AAPL,2022-05-16 08:28:00,146.745,146.5254,146.245,146.245,147.0
156,AAPL,2022-05-16 08:27:00,146.685,146.4754,146.245,146.245,147.0
155,AAPL,2022-05-16 08:26:00,146.685,146.4754,146.245,146.245,147.01
154,AAPL,2022-05-16 08:25:00,146.65015,146.445,146.3325,146.245,146.94
153,AAPL,2022-05-16 08:24:00,146.65,146.445,146.3325,146.215,147.0
152,AAPL,2022-05-16 08:23:00,146.64165,146.445,146.3325,146.155,147.0
151,AAPL,2022-05-16 08:22:00,146.575,146.395,146.32,146.155,146.9
150,AAPL,2022-05-16 08:21:00,146.4374,146.2924,146.2625,146.13,147.0
149,AAPL,2022-05-16 08:20:00,146.36415,146.245,146.245,146.13,147.05
148,AAPL,2022-05-16 08:19:00,146.36415,146.245,146.245,146.13,147.065
147,AAPL,2022-05-16 08:18:00,146.35415,146.245,146.245,146.13,147.13
146,AAPL,2022-05-16 08:17:00,146.27499999999998,146.245,146.2425,146.13,147.19
145,AAPL,2022-05-16 08:16:00,146.2604,146.245,146.23000000000002,146.13,147.14
144,AAPL,2022-05-16 08:15:00,146.2604,146.245,146.2175,146.13,147.04
143,AAPL,2022-05-16 08:14:00,146.2604,146.245,146.2175,146.13,147.16
142,AAPL,2022-05-16 08:13:00,146.22039999999998,146.245,146.2175,146.13,147.29
141,AAPL,2022-05-16 08:12:00,146.22039999999998,146.245,146.2175,146.13,147.31
140,AAPL,2022-05-16 08:11:00,146.2504,146.245,146.2425,146.13,147.25
139,AAPL,2022-05-16 08:10:00,146.2504,146.245,146.255,146.13,147.27
138,AAPL,2022-05-16 08:09:00,146.2704,146.245,146.255,146.13,147.38
137,AAPL,2022-05-16 08:08:00,146.24,146.245,146.255,146.13,147.3
136,AAPL,2022-05-16 08:07:00,146.24,146.245,146.265,146.13,147.31
135,AAPL,2022-05-16 08:06:00,146.24,146.245,146.27499999999998,146.13,146.97
134,AAPL,2022-05-16 08:05:00,146.24,146.245,146.27499999999998,146.13,147.07
133,AAPL,2022-05-16 08:04:00,146.245,146.245,146.27499999999998,146.075,147.15
132,AAPL,2022-05-16 08:03:00,146.245,146.245,146.26999999999998,146.075,146.95
131,AAPL,2022-05-16 08:02:00,146.245,146.245,146.2825,146.075,146.99
130,AAPL,2022-05-16 08:01:00,146.245,146.245,146.2825,146.075,146.85
129,AAPL,2022-05-16 08:00:00,146.245,146.245,146.2575,146.075,146.79
128,AAPL,2022-05-16 07:59:00,146.375,146.29000000000002,146.2475,146.075,146.81
127,AAPL,2022-05-16 07:57:00,146.375,146.29000000000002,146.235,146.075,146.8
126,AAPL,2022-05-16 07:56:00,146.375,146.29000000000002,146.215,146.075,146.86
125,AAPL,2022-05-16 07:54:00,146.35,146.29000000000002,146.215,146.075,146.8
124,AAPL,2022-05-16 07:50:00,146.28,146.245,146.2275,146.075,146.5948
123,AAPL,2022-05-16 07:49:00,146.245,146.245,146.2275,146.075,146.5
122,AAPL,2022-05-16 07:48:00,146.245,146.245,146.2425,146.075,146.5
121,AAPL,2022-05-16 07:47:00,146.245,146.245,146.2175,146.075,146.48
120,AAPL,2022-05-16 07:45:00,146.24,146.245,146.2025,146.075,146.48
119,AAPL,2022-05-16 07:44:00,146.215,146.245,146.2,146.075,146.4
118,AAPL,2022-05-16 07:43:00,146.19,146.245,146.2,146.075,146.3833
117,AAPL,2022-05-16 07:42:00,146.19,146.245,146.2,146.075,146.47
116,AAPL,2022-05-16 07:41:00,146.19,146.245,146.2,146.135,146.29
115,AAPL,2022-05-16 07:39:00,146.17000000000002,146.265,146.135,146.135,146.3
114,AAPL,2022-05-16 07:38:00,146.22000000000003,146.265,146.115,146.155,146.29
113,AAPL,2022-05-16 07:37:00,146.245,146.265,146.07999999999998,146.185,146.29
112,AAPL,2022-05-16 07:35:00,146.245,146.265,146.07,146.185,146.23
111,AAPL,2022-05-16 07:34:00,146.245,146.265,146.06,146.185,146.1
110,AAPL,2022-05-16 07:33:00,146.26,146.26999999999998,146.045,146.185,146.1
109,AAPL,2022-05-16 07:32:00,146.28,146.26999999999998,146.015,146.185,146.17
108,AAPL,2022-05-16 07:31:00,146.28,146.26999999999998,145.97750000000002,146.185,146.3
107,AAPL,2022-05-16 07:29:00,146.28,146.26999999999998,145.95,146.185,146.2601
106,AAPL,2022-05-16 07:27:00,146.28,146.26,145.95250000000001,146.185,146.3
105,AAPL,2022-05-16 07:26:00,146.305,146.26,145.95250000000001,146.185,146.35
104,AAPL,2022-05-16 07:25:00,146.305,146.26,145.9725,146.185,146.49
103,AAPL,2022-05-16 07:23:00,146.27499999999998,146.24,145.9725,146.185,146.23
102,AAPL,2022-05-16 07:22:00,146.27499999999998,146.22,145.9725,146.185,146.3996
101,AAPL,2022-05-16 07:21:00,146.28,146.19,145.9725,146.185,146.36
100,AAPL,2022-05-16 07:20:00,146.3,146.13,145.995,146.185,146.31
99,AAPL,2022-05-16 07:19:00,146.3,146.13,146.0,146.185,146.5
98,AAPL,2022-05-16 07:18:00,146.325,146.13,145.995,146.185,146.28
97,AAPL,2022-05-16 07:17:00,146.325,146.13,145.95499999999998,146.185,146.36
96,AAPL,2022-05-16 07:16:00,146.355,146.13,145.95,146.185,146.33
95,AAPL,2022-05-16 07:15:00,146.305,146.13,145.96,146.185,146.36
94,AAPL,2022-05-16 07:14:00,146.27499999999998,146.13,145.965,146.185,146.33
93,AAPL,2022-05-16 07:13:00,146.26999999999998,146.13,145.95999999999998,146.185,146.35
92,AAPL,2022-05-16 07:10:00,146.26999999999998,146.13,145.95999999999998,146.185,146.3
91,AAPL,2022-05-16 07:09:00,146.26999999999998,146.13,145.98000000000002,146.185,146.2
90,AAPL,2022-05-16 07:08:00,146.26999999999998,146.13,145.99,146.185,146.27
89,AAPL,2022-05-16 07:07:00,146.2,146.07,145.99,146.185,146.2
88,AAPL,2022-05-16 07:06:00,146.18,146.05,146.015,146.185,146.15
87,AAPL,2022-05-16 07:05:00,146.14499999999998,146.015,146.075,146.185,146.22
86,AAPL,2022-05-16 07:04:00,146.125,146.015,146.075,146.165,146.15
85,AAPL,2022-05-16 07:02:00,146.10500000000002,146.015,146.075,146.165,146.08
84,AAPL,2022-05-16 07:01:00,146.075,146.015,146.075,146.165,146.11
83,AAPL,2022-05-16 07:00:00,146.015,146.015,146.075,146.165,146.26
82,AAPL,2022-05-16 06:59:00,145.975,145.98000000000002,146.075,146.165,146.25
81,AAPL,2022-05-16 06:56:00,145.975,145.925,146.1325,146.165,146.25
80,AAPL,2022-05-16 06:51:00,145.98000000000002,145.925,146.1325,146.165,146.25
79,AAPL,2022-05-16 06:41:00,145.98000000000002,145.925,146.2825,146.165,146.4
78,AAPL,2022-05-16 06:39:00,145.98000000000002,145.96499999999997,146.2925,146.165,146.41
77,AAPL,2022-05-16 06:38:00,145.98000000000002,145.96499999999997,146.285,146.17000000000002,146.35
76,AAPL,2022-05-16 06:36:00,145.98000000000002,145.96499999999997,146.29250000000002,,146.26
75,AAPL,2022-05-16 06:33:00,145.98000000000002,145.96499999999997,146.3,,146.26
74,AAPL,2022-05-16 06:31:00,146.025,145.96499999999997,146.3275,,146.32
73,AAPL,2022-05-16 06:29:00,146.035,145.96499999999997,146.3675,,146.33
72,AAPL,2022-05-16 06:28:00,146.01,145.98,146.365,,146.3
71,AAPL,2022-05-16 06:26:00,145.93,145.98,146.375,,146.2
70,AAPL,2022-05-16 06:22:00,145.92000000000002,145.98,146.41500000000002,,146.3
69,AAPL,2022-05-16 06:20:00,145.92000000000002,146.0,146.41500000000002,,146.34
68,AAPL,2022-05-16 06:18:00,145.92000000000002,146.01,146.425,,146.3
67,AAPL,2022-05-16 06:17:00,145.89499999999998,146.02499999999998,146.425,,146.35
66,AAPL,2022-05-16 06:15:00,145.89499999999998,146.02499999999998,146.43,,146.4
65,AAPL,2022-05-16 06:12:00,145.905,146.055,146.45749999999998,,146.35
64,AAPL,2022-05-16 06:11:00,145.845,146.135,146.45749999999998,,146.45
63,AAPL,2022-05-16 06:10:00,145.845,146.135,146.4225,,146.33
62,AAPL,2022-05-16 06:09:00,145.875,146.155,146.365,,146.29
61,AAPL,2022-05-16 06:08:00,145.96499999999997,146.185,146.29500000000002,,146.18
60,AAPL,2022-05-16 06:05:00,145.96499999999997,146.185,146.2375,,146.1
59,AAPL,2022-05-16 06:03:00,145.96499999999997,146.185,146.23499999999999,,146.09
58,AAPL,2022-05-16 06:02:00,145.96499999999997,146.185,146.22,,146.12
57,AAPL,2022-05-16 06:00:00,145.96499999999997,146.185,146.20000000000002,,146.15
56,AAPL,2022-05-16 05:58:00,145.96499999999997,146.185,146.19,,146.14
55,AAPL,2022-05-16 05:57:00,146.03,146.235,146.145,,146.1
54,AAPL,2022-05-16 05:53:00,146.03,146.235,146.095,,146.11
53,AAPL,2022-05-16 05:50:00,146.18,146.385,146.02,,146.11
52,AAPL,2022-05-16 05:47:00,146.2,146.385,146.02,,146.03
51,AAPL,2022-05-16 05:45:00,146.20999999999998,146.36,146.14000000000001,,145.99
50,AAPL,2022-05-16 05:44:00,146.23000000000002,146.355,,,145.93
49,AAPL,2022-05-16 05:39:00,146.245,146.355,,,145.81
48,AAPL,2022-05-16 05:38:00,146.3,146.355,,,145.9
47,AAPL,2022-05-16 05:37:00,146.38,146.355,,,146.14
46,AAPL,2022-05-16 05:36:00,146.385,146.345,,,146.15
45,AAPL,2022-05-16 05:30:00,146.405,146.345,,,146.0
44,AAPL,2022-05-16 05:29:00,146.485,146.345,,,145.92
43,AAPL,2022-05-16 05:28:00,146.485,146.345,,,145.92
42,AAPL,2022-05-16 05:26:00,146.505,146.345,,,145.98
41,AAPL,2022-05-16 05:25:00,146.505,146.345,,,145.92
40,AAPL,2022-05-16 05:23:00,146.515,146.345,,,145.95
39,AAPL,2022-05-16 05:21:00,146.57,146.345,,,145.95
38,AAPL,2022-05-16 05:17:00,146.57,146.345,,,145.95
37,AAPL,2022-05-16 05:16:00,146.56,146.285,,,145.86
36,AAPL,2022-05-16 05:15:00,146.475,146.255,,,145.9
35,AAPL,2022-05-16 05:09:00,146.365,146.22500000000002,,,145.89
34,AAPL,2022-05-16 05:07:00,146.335,146.14,,,145.94
33,AAPL,2022-05-16 05:05:00,146.32999999999998,146.14,,,145.84
32,AAPL,2022-05-16 05:01:00,146.315,146.125,,,145.9
31,AAPL,2022-05-16 05:00:00,146.29500000000002,146.10500000000002,,,145.99
30,AAPL,2022-05-16 04:59:00,146.285,146.095,,,145.7
29,AAPL,2022-05-16 04:54:00,146.235,146.055,,,145.9
28,AAPL,2022-05-16 04:53:00,146.185,146.005,,,145.8
27,AAPL,2022-05-16 04:51:00,146.11,145.93,,,146.23
26,AAPL,2022-05-16 04:45:00,146.11,145.93,,,146.19
25,AAPL,2022-05-16 04:41:00,146.11,146.17000000000002,,,146.11
24,AAPL,2022-05-16 04:40:00,146.11,,,,146.11
23,AAPL,2022-05-16 04:38:00,146.11,,,,146.14
22,AAPL,2022-05-16 04:33:00,146.10000000000002,,,,146.19
21,AAPL,2022-05-16 04:31:00,146.085,,,,146.19
20,AAPL,2022-05-16 04:30:00,146.025,,,,146.25
19,AAPL,2022-05-16 04:29:00,145.995,,,,146.2
18,AAPL,2022-05-16 04:27:00,145.99,,,,146.3
17,AAPL,2022-05-16 04:26:00,145.905,,,,146.3
16,AAPL,2022-05-16 04:25:00,145.905,,,,146.34
15,AAPL,2022-05-16 04:21:00,145.875,,,,146.34
14,AAPL,2022-05-16 04:19:00,145.875,,,,146.36
13,AAPL,2022-05-16 04:17:00,145.875,,,,146.57
12,AAPL,2022-05-16 04:15:00,145.875,,,,146.56
11,AAPL,2022-05-16 04:14:00,145.85500000000002,,,,146.61
10,AAPL,2022-05-16 04:13:00,145.85500000000002,,,,146.67
9,AAPL,2022-05-16 04:12:00,145.85500000000002,,,,146.55
8,AAPL,2022-05-16 04:10:00,146.185,,,,146.5
7,AAPL,2022-05-16 04:08:00,,,,,146.47
6,AAPL,2022-05-16 04:07:00,,,,,146.59
5,AAPL,2022-05-16 04:06:00,,,,,146.55
4,AAPL,2022-05-16 04:05:00,,,,,146.53
3,AAPL,2022-05-16 04:04:00,,,,,146.45
2,AAPL,2022-05-16 04:03:00,,,,,146.35
1,AAPL,2022-05-16 04:01:00,,,,,146.11
0,AAPL,2022-05-16 04:00:00,,,,,146.05
